Custom_Year_Name,"Custom_Year_Code","Country Name","Country Code","Hospital beds (per 1,000 people) [SH.MED.BEDS.ZS]","Physicians (per 1,000 people) [SH.MED.PHYS.ZS]","Smoking prevalence, total, ages 15+ [SH.PRV.SMOK]","Total alcohol consumption per capita (liters of pure alcohol, projected estimates, 15+ years of age) [SH.ALC.PCAP.LI]","Out-of-pocket expenditure (% of current health expenditure) [SH.XPD.OOPC.CH.ZS]","People with basic handwashing facilities including soap and water (% of population) [SH.STA.HYGN.ZS]","Population ages 0-14 (% of total population) [SP.POP.0014.TO.ZS]","Population ages 15-64 (% of total population) [SP.POP.1564.TO.ZS]","Population ages 65 and above (% of total population) [SP.POP.65UP.TO.ZS]","Population, total [SP.POP.TOTL]","Rural population (% of total population) [SP.RUR.TOTL.ZS]","Diabetes prevalence (% of population ages 20 to 79) [SH.STA.DIAB.ZS]","Current health expenditure per capita (current US$) [SH.XPD.CHEX.PC.CD]","Proportion of population spending more than 25% of household consumption or income on out-of-pocket health care expenditure (%) [SH.UHC.OOPC.25.ZS]","GNI per capita, Atlas method (current US$) [NY.GNP.PCAP.CD]","Literacy rate, adult total (% of people ages 15 and above) [SE.ADT.LITR.ZS]","Poverty headcount ratio at national poverty line (% of population) [SI.POV.NAHC]","Public spending on education, total (% of GDP) [SE.XPD.TOTL.GD.ZS]"
Most Recent Value,"(Most Recent Value)","Afghanistan","AFG","0.5(2015)","0.284(2016)","","0.2(2016)","77.40100618(2016)","37.7460320188898(2017)","43.0901755117794(2018)","54.3248975483403(2018)","2.58492693988024(2018)","37172386(2018)","74.505(2018)","9.2(2019)","57.24876048(2016)","2.01351195573807(2013)","550(2018)","43.01972(2018)","54.5(2016)","4.05887(2017)"
Most Recent Value,"(Most Recent Value)","Albania","ALB","2.9(2013)","1.1998(2016)","28.7(2016)","7.5(2016)","57.98090142(2016)","","17.672873724304(2018)","68.5823903647225(2018)","13.7447359109736(2018)","2866376(2018)","39.681(2018)","9(2019)","271.54304258(2016)","4.94539700448513(2012)","4860(2018)","98.14115(2018)","14.3(2012)","3.95464(2016)"
Most Recent Value,"(Most Recent Value)","Algeria","DZA","1.9(2015)","1.83(2016)","15.6(2016)","0.9(2016)","30.88327082(2016)","83.7406026903617(2017)","30.1486785862257(2018)","63.4888248687945(2018)","6.36249654497986(2018)","42228429(2018)","27.371(2018)","6.7(2019)","260.41257932(2016)","","3920(2017)","81.40784(2018)","5.5(2011)",""
Most Recent Value,"(Most Recent Value)","American Samoa","ASM","","","","","","","","","","55465(2018)","12.847(2018)","","","","","","",""
Most Recent Value,"(Most Recent Value)","Andorra","AND","","3.3333(2015)","33.5(2016)","11.3(2016)","41.69688586(2016)","","","","","77006(2018)","11.938(2018)","7.7(2019)","3834.73058142(2016)","","","","","3.19556(2017)"
Most Recent Value,"(Most Recent Value)","Angola","AGO","","0.2149(2017)","","6.4(2016)","35.20893022(2016)","26.6641825709428(2017)","46.8089247095412(2018)","50.9747016426956(2018)","2.21637364776329(2018)","30809762(2018)","34.486(2018)","4.5(2019)","95.22079857(2016)","","3370(2018)","66.03011(2014)","","3.42132(2010)"
Most Recent Value,"(Most Recent Value)","Antigua and Barbuda","ATG","3.8(2014)","2.7647(2017)","","7(2016)","32.18838038(2016)","","22.0810917475022(2018)","69.1190827326922(2018)","8.79982551980558(2018)","96286(2018)","75.401(2018)","13.1(2019)","623.11462593(2016)","","15890(2018)","98.95(2015)","",""
Most Recent Value,"(Most Recent Value)","Argentina","ARG","5(2014)","3.96(2017)","21.8(2016)","9.8(2016)","15.79818747(2016)","","24.7609338351238(2018)","64.1212772887989(2018)","11.1177888760774(2018)","44494502(2018)","8.13(2018)","5.9(2019)","955.2009489(2016)","","12390(2018)","99.00387(2018)","32(2018)","5.50825(2017)"
Most Recent Value,"(Most Recent Value)","Armenia","ARM","4.2(2015)","2.899(2014)","24.1(2016)","5.5(2016)","80.6469544(2016)","94.0429413735251(2017)","20.6334219249969(2018)","68.11276041799(2018)","11.2538176570131(2018)","2951776(2018)","36.851(2018)","6.1(2019)","358.84174796(2016)","4.87132109701634(2013)","4230(2018)","99.73607(2017)","23.5(2018)","2.70545(2017)"
Most Recent Value,"(Most Recent Value)","Aruba","ABW","","","","","","","17.8024469743493(2018)","68.6466058859653(2018)","13.5509471396854(2018)","105845(2018)","56.589(2018)","11.6(2019)","","","23630(2017)","97.80742(2018)","","6.1899(2016)"
Most Recent Value,"(Most Recent Value)","Australia","AUS","3.8(2014)","3.5874(2016)","14.7(2016)","10.6(2016)","18.9437128(2016)","","19.1906170385658(2018)","65.1529077338752(2018)","15.6564752275591(2018)","24992369(2018)","13.988(2018)","5.6(2019)","5002.35827732(2016)","0.500719994306564(2010)","53230(2018)","","","5.28031(2016)"
Most Recent Value,"(Most Recent Value)","Austria","AUT","7.6(2013)","5.1441(2016)","29.6(2016)","11.6(2016)","18.91973627(2016)","","14.2979476320233(2018)","66.7004859083869(2018)","19.0015664595899(2018)","8847037(2018)","41.703(2018)","6.6(2019)","4688.28020378(2016)","","49310(2018)","","","5.5007(2016)"
Most Recent Value,"(Most Recent Value)","Azerbaijan","AZE","4.7(2013)","3.4466(2014)","20.8(2016)","0.8(2016)","78.91878428(2016)","83.2413(2017)","23.3695698603865(2018)","70.4352473888986(2018)","6.19518275071493(2018)","9942334(2018)","44.32(2018)","6.1(2019)","268.15586521(2016)","","4050(2018)","99.79123(2017)","6(2012)","2.48097(2017)"
Most Recent Value,"(Most Recent Value)","Bahamas, The","BHS","2.9(2013)","1.9373(2017)","11.5(2016)","4.4(2016)","27.71587744(2016)","","22.4848756732367(2018)","70.2575219701429(2018)","7.25760235662035(2018)","385640(2018)","16.975(2018)","8.8(2019)","1835.22820219(2016)","0.191845453809947(2013)","30520(2018)","","",""
Most Recent Value,"(Most Recent Value)","Bahrain","BHR","2(2014)","0.9257(2015)","26.4(2016)","1.9(2016)","27.98785963(2016)","","19.2543101196218(2018)","78.3193560020542(2018)","2.42633387832394(2018)","1569439(2018)","10.713(2018)","15.6(2019)","1099.36229078(2016)","","21890(2018)","97.46419(2018)","","2.32721(2017)"
Most Recent Value,"(Most Recent Value)","Bangladesh","BGD","0.8(2015)","0.5268(2017)","23(2016)","0(2016)","71.88884163(2016)","34.8076036069316(2017)","27.706022482501(2018)","67.1355868778783(2018)","5.15839063962068(2018)","161356039(2018)","63.368(2018)","9.2(2019)","34.21796766(2016)","9.52952575683594(2016)","1750(2018)","73.9122(2018)","24.3(2016)","1.98602(2018)"
Most Recent Value,"(Most Recent Value)","Barbados","BRB","5.8(2014)","2.4886(2017)","7.8(2016)","9.6(2016)","45.17700374(2016)","88.4693506083686(2016)","17.342948147683(2018)","66.8543578901832(2018)","15.8026939621338(2018)","286641(2018)","68.853(2018)","13.4(2019)","1163.84456087(2016)","3.81942129135132(2016)","15410(2018)","99.6(2014)","","4.65652(2017)"
Most Recent Value,"(Most Recent Value)","Belarus","BLR","11(2013)","4.0772(2014)","26.7(2016)","11.2(2016)","35.79892788(2016)","","16.8659430504801(2018)","68.2889087752101(2018)","14.8451481743098(2018)","9485386(2018)","21.405(2018)","5(2019)","317.99419058(2016)","0.653729308396578(2016)","5670(2018)","99.75656(2018)","5.6(2018)","4.82003(2017)"
Most Recent Value,"(Most Recent Value)","Belgium","BEL","6.2(2014)","3.3234(2016)","28.2(2016)","12.1(2016)","15.85889032(2016)","","17.0554227603857(2018)","64.1558335012748(2018)","18.7887437383395(2018)","11422068(2018)","1.999(2018)","4.6(2019)","4149.38532224(2016)","1.39449881389737(2010)","45910(2018)","","","6.54428(2016)"
Most Recent Value,"(Most Recent Value)","Belize","BLZ","1.3(2014)","1.1262(2017)","","6.8(2016)","22.87068173(2016)","90.082766643261(2017)","30.2797653698662(2018)","64.9837758535624(2018)","4.73645877657144(2018)","383071(2018)","54.276(2018)","17.1(2019)","303.60483768(2016)","","4470(2018)","","","7.37876(2017)"
Most Recent Value,"(Most Recent Value)","Benin","BEN","0.5(2010)","0.1572(2016)","6.4(2016)","3(2016)","43.48323889(2016)","11.0349134296055(2017)","42.4476823945995(2018)","54.2987123079372(2018)","3.25360529746338(2018)","11485048(2018)","52.688(2018)","1(2019)","30.40151289(2016)","5.38009740412235(2011)","870(2018)","42.3624(2018)","40.1(2015)","3.99469(2016)"
Most Recent Value,"(Most Recent Value)","Bermuda","BMU","","","","","","","","","","63968(2018)","0(2018)","6.7(2019)","","","106140(2013)","","","1.50039(2017)"
Most Recent Value,"(Most Recent Value)","Bhutan","BTN","1.7(2012)","0.3715(2017)","","0.6(2016)","20.12969552(2016)","79.8070433891088(2014)","25.7713537330923(2018)","68.2256345541021(2018)","6.00301171280561(2018)","754394(2018)","59.105(2018)","10.3(2019)","91.33533448(2016)","0.411514669656753(2017)","3080(2018)","66.56115(2017)","8.2(2017)","6.64043(2018)"
Most Recent Value,"(Most Recent Value)","Bolivia","BOL","1.1(2014)","1.6111(2016)","","4.8(2016)","28.02112047(2016)","25.3828990744977(2017)","31.0735477456373(2018)","61.7345048621782(2018)","7.19194739218447(2018)","11353142(2018)","30.575(2018)","6.8(2019)","213.01732534(2016)","1.08576714992523(2015)","3370(2018)","92.45508(2015)","34.6(2018)","7.28535(2014)"
Most Recent Value,"(Most Recent Value)","Bosnia and Herzegovina","BIH","3.5(2013)","2.0003(2013)","38.9(2016)","6.4(2016)","28.68117751(2016)","97.1638030400127(2016)","14.7662176493152(2018)","68.7634648796227(2018)","16.4703174710621(2018)","3323929(2018)","51.755(2018)","9(2019)","443.78378047(2016)","1.38621237128973(2015)","5740(2018)","96.99177(2013)","16.9(2015)",""
Most Recent Value,"(Most Recent Value)","Botswana","BWA","1.8(2010)","0.3688(2016)","20(2016)","8.4(2016)","5.24849231(2016)","","34.1129460158256(2018)","61.6631796378814(2018)","4.22387434629301(2018)","2254126(2018)","30.554(2018)","5.8(2019)","379.9230078(2016)","","7750(2018)","87.7(2014)","",""
Most Recent Value,"(Most Recent Value)","Brazil","BRA","2.2(2014)","2.1499(2018)","13.9(2016)","7.8(2016)","43.56023599(2016)","","21.3340719108545(2018)","69.7430902567055(2018)","8.92283783244003(2018)","209469333(2018)","13.431(2018)","10.4(2019)","1015.93444765(2016)","","9140(2018)","93.2275(2018)","","6.24106(2015)"
Most Recent Value,"(Most Recent Value)","British Virgin Islands","VGB","","","","","","","","","","29802(2018)","52.277(2018)","14.2(2019)","","","","","","3.23202(2017)"
Most Recent Value,"(Most Recent Value)","Brunei Darussalam","BRN","2.7(2015)","1.7701(2015)","16.9(2016)","0.4(2016)","5.07159269(2016)","","23.0264614896856(2018)","72.1003909428086(2018)","4.87314756750582(2018)","428962(2018)","22.371(2018)","13.3(2019)","630.6293586(2016)","","29660(2018)","97.21411(2018)","","4.42541(2016)"
Most Recent Value,"(Most Recent Value)","Bulgaria","BGR","6.8(2013)","3.9879(2014)","37(2016)","12.7(2016)","47.95404673(2016)","","14.5954653179814(2018)","64.3826202477506(2018)","21.021914434268(2018)","7024216(2018)","24.992(2018)","6(2019)","612.47858555(2016)","0.757654244080186(2010)","8860(2018)","98.35245(2011)","22(2017)","4.07685(2013)"
Most Recent Value,"(Most Recent Value)","Burkina Faso","BFA","0.4(2010)","0.06(2016)","12.5(2016)","8.2(2016)","31.39360194(2016)","11.877389332001(2017)","44.9480813221662(2018)","52.6449378491703(2018)","2.40698082866355(2018)","19751535(2018)","70.642(2018)","7.3(2019)","40.94095568(2016)","0.417354563251138(2014)","670(2018)","41.22445(2018)","40.1(2014)","4.16607(2015)"
Most Recent Value,"(Most Recent Value)","Burundi","BDI","0.8(2014)","0.05(2016)","","7.5(2016)","30.51368128(2016)","6.14409936808611(2017)","45.5016807491186(2018)","52.2513787905443(2018)","2.24694046033717(2018)","11175378(2018)","86.968(2018)","5.1(2019)","18.46188216(2016)","0.432863552123308(2013)","280(2018)","68.37533(2017)","64.9(2013)","4.76183(2017)"
Most Recent Value,"(Most Recent Value)","Cabo Verde","CPV","2.1(2010)","0.7694(2015)","9.1(2016)","5.7(2016)","26.01418236(2016)","","28.7777669479759(2018)","66.6129058953559(2018)","4.60932715666821(2018)","543767(2018)","34.268(2018)","2.4(2019)","159.07351003(2016)","","3420(2018)","86.79029(2015)","35(2015)","5.17322(2017)"
Most Recent Value,"(Most Recent Value)","Cambodia","KHM","0.8(2015)","0.1682(2014)","17.2(2016)","6.7(2016)","58.56040154(2016)","66.2286220956706(2017)","31.2014147627244(2018)","64.2299052197099(2018)","4.56868001756576(2018)","16249798(2018)","76.612(2018)","6.4(2019)","77.67368199(2016)","5.23964643478394(2014)","1390(2018)","80.52649(2015)","17.7(2012)","1.90939(2014)"
Most Recent Value,"(Most Recent Value)","Cameroon","CMR","1.3(2010)","0.0898(2011)","","8.9(2016)","69.50262192(2016)","9.40206643360047(2017)","42.6315798448676(2018)","54.6395427998918(2018)","2.72887735524057(2018)","25216237(2018)","43.626(2018)","6(2019)","64.46729416(2016)","2.98182647675276(2014)","1440(2018)","77.07104(2018)","37.5(2014)","3.06699(2017)"
Most Recent Value,"(Most Recent Value)","Canada","CAN","2.7(2012)","2.6102(2017)","14.3(2016)","8.9(2016)","14.61734086(2016)","","15.8702508744405(2018)","66.8977424466943(2018)","17.2320066788651(2018)","37058856(2018)","18.589(2018)","7.6(2019)","4458.21499934(2016)","0.513349985703826(2010)","44940(2018)","","","5.27444(2011)"
Most Recent Value,"(Most Recent Value)","Cayman Islands","CYM","","","","","","","","","","64174(2018)","0(2018)","6.8(2019)","","","47140(2017)","","",""
Most Recent Value,"(Most Recent Value)","Central African Republic","CAF","1(2011)","0.0629(2015)","","3.3(2016)","43.07941935(2016)","16.6029710781771(2014)","44.294320550801(2018)","52.879905742539(2018)","2.82577370666008(2018)","4666377(2018)","58.636(2018)","6(2019)","16.36043526(2016)","","490(2018)","37.39582(2018)","","1.22862(2011)"
Most Recent Value,"(Most Recent Value)","Chad","TCD","","0.0475(2016)","","1.6(2016)","61.15595337(2016)","5.81809377998824(2017)","47.126299988842(2018)","50.393181066809(2018)","2.48051894434901(2018)","15477751(2018)","76.941(2018)","6(2019)","31.68594246(2016)","","670(2018)","22.31155(2016)","46.7(2011)","2.85071(2013)"
Most Recent Value,"(Most Recent Value)","Channel Islands","CHI","","","","","","","15.1883588760051(2018)","67.5141789687916(2018)","17.2974621552033(2018)","170499(2018)","69.086(2018)","3.9(2019)","","","","","",""
Most Recent Value,"(Most Recent Value)","Chile","CHL","2.2(2013)","1.08(2016)","37.8(2016)","9.3(2016)","34.76995383(2016)","","19.7539024707995(2018)","68.7162958723189(2018)","11.5298016568816(2018)","18729160(2018)","12.436(2018)","8.6(2019)","1190.54854502(2016)","2.07719326019287(2016)","14670(2018)","96.40228(2017)","8.6(2017)","5.41582(2017)"
Most Recent Value,"(Most Recent Value)","China","CHN","4.2(2012)","1.7855(2015)","25.6(2016)","7.2(2016)","35.90618522(2016)","","17.8770027525543(2018)","71.2021137123803(2018)","10.9208835350654(2018)","1392730000(2018)","40.848(2018)","9.2(2019)","398.33155573(2016)","5.39808012545109(2013)","9460(2018)","96.84089(2018)","1.7(2018)",""
Most Recent Value,"(Most Recent Value)","Colombia","COL","1.5(2014)","2.0835(2017)","9(2016)","5.8(2016)","20.15695634(2016)","65.3857581074716(2017)","23.077895979964(2018)","68.4440570001664(2018)","8.47804701986958(2018)","49648685(2018)","19.222(2018)","7.4(2019)","340.36546879(2016)","2.22923827171326(2016)","6180(2018)","95.09251(2018)","27(2018)","4.49839(2017)"
Most Recent Value,"(Most Recent Value)","Comoros","COM","2.2(2010)","0.1699(2012)","14(2016)","0.9(2016)","73.1343926(2016)","15.5735337189284(2016)","39.5384238311615(2018)","57.4545668623441(2018)","3.00700930649436(2018)","832322(2018)","71.035(2018)","12.3(2019)","59.00043787(2016)","1.64124090224504(2014)","1380(2018)","58.81702(2018)","42.4(2013)","2.48708(2015)"
Most Recent Value,"(Most Recent Value)","Congo, Dem. Rep.","COD","","0.09(2013)","","2.6(2016)","37.434302(2016)","4.47159745510342(2017)","46.1656420864844(2018)","50.8165172919176(2018)","3.01784062159803(2018)","84068091(2018)","55.54(2018)","6(2019)","20.5175231(2016)","0.610391702502966(2012)","490(2018)","77.04268(2016)","63.9(2012)","1.46951(2017)"
Most Recent Value,"(Most Recent Value)","Congo, Rep.","COG","","0.1159(2011)","26.9(2016)","7.8(2016)","49.71562378(2016)","47.9636724613661(2017)","41.7635024604532(2018)","55.5547780005145(2018)","2.68171953903232(2018)","5244363(2018)","33.084(2018)","6(2019)","70.37796786(2016)","0.659376755356789(2011)","1640(2018)","80.29876(2018)","40.9(2011)","4.56147(2015)"
Most Recent Value,"(Most Recent Value)","Costa Rica","CRI","1.2(2015)","1.1497(2013)","11.9(2016)","4.8(2016)","22.14419226(2016)","83.8410428210698(2015)","21.3247441063911(2018)","69.1254082206391(2018)","9.54984767296984(2018)","4999441(2018)","20.66(2018)","9.1(2019)","888.85370049(2016)","1.69605112075806(2012)","11520(2018)","97.86379(2018)","21(2019)","7.4026(2017)"
Most Recent Value,"(Most Recent Value)","Cote d'Ivoire","CIV","","0.2326(2014)","","8.4(2016)","40.14711143(2016)","19.3507969404948(2017)","41.9369721367589(2018)","55.2040848482383(2018)","2.85894301500285(2018)","25069229(2018)","49.221(2018)","2.4(2019)","67.57069603(2016)","3.3708963394165(2015)","1600(2018)","47.16535(2018)","46.3(2015)","5.14353(2017)"
Most Recent Value,"(Most Recent Value)","Croatia","HRV","5.6(2015)","2.9962(2016)","37(2016)","8.9(2016)","15.36177386(2016)","","14.5119400058464(2018)","65.0426269817306(2018)","20.445433012423(2018)","4089400(2018)","43.053(2018)","5.4(2019)","884.49111374(2016)","0.256807776167989(2010)","14000(2018)","99.12536(2011)","19.4(2017)","4.55695(2013)"
Most Recent Value,"(Most Recent Value)","Cuba","CUB","5.2(2014)","8.19(2017)","35.2(2016)","6.1(2016)","10.307818(2016)","85.1982075208693(2017)","16.2112389922363(2018)","68.6025495906116(2018)","15.1862114171521(2018)","11338138(2018)","22.963(2018)","9.6(2019)","970.64616387(2016)","","7480(2016)","99.75253(2012)","","12.83731(2010)"
Most Recent Value,"(Most Recent Value)","Curacao","CUW","","","","","","","18.8839461266221(2018)","64.4311590640975(2018)","16.6848948092804(2018)","159849(2018)","10.855(2018)","11.6(2019)","","","19070(2017)","","","4.93095(2013)"
Most Recent Value,"(Most Recent Value)","Cyprus","CYP","3.4(2013)","1.9511(2016)","36.4(2016)","10.8(2016)","44.92326153(2016)","","16.787847956511(2018)","69.4930902700408(2018)","13.7190617734483(2018)","1189265(2018)","33.19(2018)","9(2019)","1634.43092199(2016)","1.50180384516716(2010)","26300(2018)","98.67843(2011)","","6.3753(2015)"
Most Recent Value,"(Most Recent Value)","Czech Republic","CZE","6.5(2015)","4.314(2016)","34.3(2016)","14.4(2016)","15.02381241(2016)","","15.5866055197434(2018)","64.9925175870224(2018)","19.4208768932343(2018)","10625695(2018)","26.208(2018)","7(2019)","1321.62020252(2016)","0.05268634413369(2010)","20240(2018)","","9.7(2013)","5.58738(2016)"
Most Recent Value,"(Most Recent Value)","Denmark","DNK","2.5(2015)","4.4567(2016)","19.1(2016)","10.4(2016)","13.71236935(2016)","","16.4582625623987(2018)","63.7287848006111(2018)","19.8129526369902(2018)","5797446(2018)","12.126(2018)","8.3(2019)","5565.59342469(2016)","0.49398192204535(2010)","60140(2018)","","","7.63485(2014)"
Most Recent Value,"(Most Recent Value)","Djibouti","DJI","1.4(2014)","0.2203(2014)","13.1(2016)","0.5(2016)","25.76631675(2016)","","29.5741159613441(2018)","65.898304660541(2018)","4.52757937811482(2018)","958920(2018)","22.223(2018)","5.1(2019)","70.19033417(2016)","","3190(2018)","","21.1(2017)","4.49022(2010)"
Most Recent Value,"(Most Recent Value)","Dominica","DMA","3.8(2012)","1.0825(2017)","","8.2(2016)","29.14772862(2016)","","","","","71625(2018)","29.517(2018)","11.6(2019)","419.36591407(2016)","","7090(2018)","","","3.38688(2015)"
Most Recent Value,"(Most Recent Value)","Dominican Republic","DOM","1.6(2014)","1.56(2017)","13.7(2016)","6.9(2016)","44.61633846(2016)","55.1819809572288(2017)","27.9771295026574(2018)","64.9400530208454(2018)","7.08281747649721(2018)","10627165(2018)","18.926(2018)","8.6(2019)","414.17657995(2016)","","7760(2018)","93.77846(2016)","22.8(2018)",""
Most Recent Value,"(Most Recent Value)","Ecuador","ECU","1.5(2013)","2.05(2016)","7.1(2016)","4.4(2016)","40.48171185(2016)","80.6347784463545(2017)","28.0285920021109(2018)","64.814118271228(2018)","7.15728972666108(2018)","17084357(2018)","36.179(2018)","5.5(2019)","504.78248204(2016)","2.44082026183605(2013)","6110(2018)","92.82979(2017)","25(2019)","4.9987(2015)"
Most Recent Value,"(Most Recent Value)","Egypt, Arab Rep.","EGY","1.6(2014)","0.7902(2017)","25.2(2016)","0.4(2016)","61.98998068(2016)","89.8269694459489(2017)","33.7987207092348(2018)","60.971499944556(2018)","5.22977934620923(2018)","98423595(2018)","57.296(2018)","17.2(2019)","130.9858695(2016)","3.89644205570221(2012)","2800(2018)","71.16825(2017)","32.5(2017)",""
Most Recent Value,"(Most Recent Value)","El Salvador","SLV","1.3(2014)","1.569(2016)","9.9(2016)","3.8(2016)","27.16086599(2016)","90.6496848510482(2017)","27.1320809139623(2018)","64.5808290812314(2018)","8.28709000480629(2018)","6420744(2018)","27.977(2018)","8.8(2019)","293.87255671(2016)","0.3044014563784(2014)","3820(2018)","88.48271(2017)","29.2(2017)","3.75133(2017)"
Most Recent Value,"(Most Recent Value)","Equatorial Guinea","GNQ","2.1(2010)","0.4(2017)","","11.3(2016)","72.83432742(2016)","24.6399682062548(2015)","37.1165988655245(2018)","60.4255237876965(2018)","2.45787734677897(2018)","1308974(2018)","27.857(2018)","6(2019)","281.37453092(2016)","","6840(2018)","95(2014)","",""
Most Recent Value,"(Most Recent Value)","Eritrea","ERI","0.7(2011)","","5.7(2016)","1.3(2016)","59.058986(2016)","","40.1807794218494(2011)","55.7353642159919(2011)","4.08385636215873(2011)","3213972(2011)","64.229(2011)","5.1(2019)","29.8912246(2016)","","720(2011)","76.57052(2018)","",""
Most Recent Value,"(Most Recent Value)","Estonia","EST","5(2015)","3.4651(2016)","31.3(2016)","11.6(2016)","22.68592618(2016)","","16.3570737459559(2018)","64.0165694070692(2018)","19.6263568469749(2018)","1320884(2018)","31.12(2018)","4.2(2019)","1185.33334806(2016)","","21140(2018)","99.88579(2011)","21.8(2013)","5.17316(2016)"
Most Recent Value,"(Most Recent Value)","Eswatini","SWZ","2.1(2011)","0.0796(2016)","9(2016)","9.9(2016)","9.89895648(2016)","24.0969633445971(2017)","38.1124915403848(2018)","57.8729205187801(2018)","4.01458794083506(2018)","1136191(2018)","76.201(2018)","4.5(2019)","220.58673255(2016)","","3930(2018)","88.41938(2018)","58.9(2017)","7.12767(2014)"
Most Recent Value,"(Most Recent Value)","Ethiopia","ETH","0.3(2015)","0.1(2017)","4.4(2016)","2.9(2016)","37.42413218(2016)","7.96038974707188(2017)","40.7829819073234(2018)","55.7158850950668(2018)","3.50113299760986(2018)","109224559(2018)","79.237(2018)","4.3(2019)","27.52365701(2016)","1.43495574593544(2015)","790(2018)","51.77118(2017)","23.5(2015)","4.73792(2015)"
Most Recent Value,"(Most Recent Value)","Faroe Islands","FRO","","","","","","","","","","48497(2018)","57.936(2018)","4.7(2019)","","","","","",""
Most Recent Value,"(Most Recent Value)","Fiji","FJI","2.3(2011)","0.8374(2015)","22.6(2016)","3(2016)","20.63828514(2016)","","29.5126222009931(2018)","65.0376973863674(2018)","5.44968041263952(2018)","883483(2018)","43.752(2018)","14.7(2019)","179.91156997(2016)","","5860(2018)","99.08211(2017)","34(2013)","3.88289(2013)"
Most Recent Value,"(Most Recent Value)","Finland","FIN","4.4(2015)","3.808(2016)","20.4(2016)","10.7(2016)","20.35397037(2016)","","16.1451829725838(2018)","62.134029481894(2018)","21.7207875455222(2018)","5518050(2018)","14.618(2018)","5.6(2019)","4117.25778244(2016)","0.973046850413084(2010)","48280(2018)","","","6.89735(2016)"
Most Recent Value,"(Most Recent Value)","France","FRA","6.5(2013)","3.2349(2016)","32.7(2016)","12.6(2016)","9.75624371(2016)","","17.9564644444787(2018)","62.0089108085333(2018)","20.0346247469881(2018)","66987244(2018)","19.556(2018)","4.8(2019)","4263.36156106(2016)","0.22499228361994(2010)","41080(2018)","","","5.43259(2016)"
Most Recent Value,"(Most Recent Value)","French Polynesia","PYF","","","","","","","22.7618941295525(2018)","68.9475977657655(2018)","8.29050810468202(2018)","277679(2018)","38.166(2018)","19.5(2019)","","","","","",""
Most Recent Value,"(Most Recent Value)","Gabon","GAB","6.3(2010)","0.3611(2016)","","11.5(2016)","22.51306679(2016)","","37.0258696960045(2018)","59.4102228356395(2018)","3.56390746835592(2018)","2119275(2018)","10.63(2018)","6(2019)","220.3547089(2016)","","6830(2018)","84.66716(2018)","33.4(2017)","2.66667(2014)"
Most Recent Value,"(Most Recent Value)","Gambia, The","GMB","1.1(2011)","0.1077(2015)","15.5(2016)","3.8(2016)","23.59053007(2016)","7.87626629083994(2017)","44.2687450605107(2018)","53.141274000107(2018)","2.58998093938232(2018)","2280102(2018)","38.73(2018)","1.9(2019)","20.93043715(2016)","0.0282854773104191(2015)","710(2018)","50.77797(2015)","48.6(2015)","2.05946(2016)"
Most Recent Value,"(Most Recent Value)","Georgia","GEO","2.6(2013)","5.0976(2015)","28.8(2016)","9.8(2016)","55.5964618(2016)","","19.7952406005383(2018)","65.3392679684092(2018)","14.8654914310525(2018)","3731000(2018)","41.368(2018)","5.8(2019)","308.03165121(2016)","8.97715836763382(2013)","4440(2018)","99.36426(2017)","20.1(2018)","3.84973(2017)"
Most Recent Value,"(Most Recent Value)","Germany","DEU","8.3(2013)","4.2087(2016)","30.6(2016)","13.4(2016)","12.4095928(2016)","","13.6210301045356(2018)","64.9170079001335(2018)","21.4619619953309(2018)","82927922(2018)","22.688(2018)","10.4(2019)","4714.2608733(2016)","0.107916921842843(2010)","47090(2018)","","","4.80093(2016)"
Most Recent Value,"(Most Recent Value)","Ghana","GHA","0.9(2011)","0.18(2017)","3.9(2016)","2.7(2016)","37.82372777(2016)","41.0473083819571(2017)","37.5960615850344(2018)","59.3350404080317(2018)","3.06889800693396(2018)","29767108(2018)","43.94(2018)","2.5(2019)","67.50885898(2016)","0.0851445947773755(2012)","2130(2018)","79.03964(2018)","23.4(2016)","3.61798(2017)"
Most Recent Value,"(Most Recent Value)","Gibraltar","GIB","","","","","","","","","","33718(2018)","0(2018)","","","","","","",""
Most Recent Value,"(Most Recent Value)","Greece","GRC","4.3(2015)","4.592(2016)","43.4(2016)","10.4(2016)","34.34369614(2016)","","14.0712448654023(2018)","64.2734830567542(2018)","21.6552720778435(2018)","10727668(2018)","20.942(2018)","4.7(2019)","1510.66671302(2016)","1.61979162693024(2016)","19770(2018)","97.36874(2011)","",""
Most Recent Value,"(Most Recent Value)","Greenland","GRL","","","","","","","","","","56025(2018)","13.184(2018)","2.1(2019)","","","","","",""
Most Recent Value,"(Most Recent Value)","Grenada","GRD","3.7(2014)","1.4471(2017)","","9.3(2016)","57.77659011(2016)","","23.5612898594936(2018)","66.8168033448777(2018)","9.62190679562869(2018)","111454(2018)","63.728(2018)","10.7(2019)","516.41704659(2016)","","9650(2018)","98.6(2014)","","3.17043(2017)"
Most Recent Value,"(Most Recent Value)","Guam","GUM","","","","","","","24.4637083152357(2018)","65.6863809661696(2018)","9.84991071859466(2018)","165768(2018)","5.22(2018)","18.7(2019)","","","","","",""
Most Recent Value,"(Most Recent Value)","Guatemala","GTM","0.6(2014)","0.355(2018)","","2.5(2016)","53.33825148(2016)","76.6655036207724(2017)","34.4353953933618(2018)","60.7525320983504(2018)","4.81207250828785(2018)","17247807(2018)","48.946(2018)","10(2019)","241.35228463(2016)","0.0410198961617425(2014)","4400(2018)","81.2859(2014)","59.3(2014)","2.79538(2017)"
Most Recent Value,"(Most Recent Value)","Guinea","GIN","0.3(2011)","0.0788(2016)","","1.3(2016)","49.7618131(2016)","17.4497171149057(2017)","43.8501733445473(2018)","53.2238042069734(2018)","2.92602244847935(2018)","12414318(2018)","63.86(2018)","2.4(2019)","37.45933893(2016)","1.25234071165323(2012)","850(2018)","32.00384(2014)","55.2(2012)","2.21697(2017)"
Most Recent Value,"(Most Recent Value)","Guinea-Bissau","GNB","","0.2(2015)","","4.8(2016)","35.40050221(2016)","6.40293708859611(2017)","42.3391522075139(2018)","54.8371314563334(2018)","2.82371633615269(2018)","1874309(2018)","56.64(2018)","2.4(2019)","39.05417469(2016)","","750(2018)","45.58116(2014)","69.3(2010)","2.13249(2013)"
Most Recent Value,"(Most Recent Value)","Guyana","GUY","1.6(2014)","0.799(2018)","","6.3(2016)","35.05651752(2016)","77.1594149222442(2017)","28.214545202476(2018)","65.335183554427(2018)","6.45027124309697(2018)","779004(2018)","73.394(2018)","11.6(2019)","192.27367614(2016)","","4770(2018)","85.63973(2014)","","6.34497(2017)"
Most Recent Value,"(Most Recent Value)","Haiti","HTI","0.7(2013)","0.2345(2018)","12.7(2016)","5.8(2016)","41.73194864(2016)","22.8627462636951(2017)","33.242244257891(2018)","61.8083518936764(2018)","4.94940384843253(2018)","11123176(2018)","44.722(2018)","6.7(2019)","37.7231276(2016)","3.98440547287464(2013)","800(2018)","61.69135(2016)","58.5(2012)","2.44959(2016)"
Most Recent Value,"(Most Recent Value)","Honduras","HND","0.7(2014)","0.3144(2017)","2(2016)","4(2016)","45.01063621(2016)","84.1692526093255(2016)","31.7408815333097(2018)","63.5685008076122(2018)","4.69061765907812(2018)","9587522(2018)","42.904(2018)","7.3(2019)","199.55451507(2016)","","2350(2018)","87.20524(2018)","48.3(2018)","5.95605(2017)"
Most Recent Value,"(Most Recent Value)","Hong Kong SAR, China","HKG","","","","","","","11.9008970757204(2018)","71.2240545977674(2018)","16.8750483265122(2018)","7451000(2018)","0(2018)","4.5(2019)","","","50300(2018)","","","3.32452(2018)"
Most Recent Value,"(Most Recent Value)","Hungary","HUN","7(2013)","3.2312(2016)","30.6(2016)","11.4(2016)","29.6990259(2016)","","14.4119922134424(2018)","66.4302824033255(2018)","19.1577253832321(2018)","9768785(2018)","28.649(2018)","6.9(2019)","942.59196302(2016)","0.309622148051858(2010)","14780(2018)","99.1(2014)","14.9(2014)","4.71078(2016)"
Most Recent Value,"(Most Recent Value)","Iceland","ISL","3.2(2014)","3.9701(2017)","14.7(2016)","9.1(2016)","16.86918382(2016)","","19.8323201064408(2018)","65.3725873369903(2018)","14.7950925565689(2018)","353574(2018)","6.187(2018)","5.8(2019)","5063.60583151(2016)","","67960(2018)","","","7.45988(2016)"
Most Recent Value,"(Most Recent Value)","India","IND","0.7(2011)","0.7776(2017)","11.5(2016)","5.7(2016)","64.57785669(2016)","59.5496875182515(2017)","27.0533018530221(2018)","66.7667424975064(2018)","6.17995564947149(2018)","1352617328(2018)","65.97(2018)","10.4(2019)","62.71555407(2016)","3.89889813959599(2011)","2020(2018)","74.37299(2018)","21.9(2011)","3.84467(2013)"
Most Recent Value,"(Most Recent Value)","Indonesia","IDN","1.2(2015)","0.3777(2017)","39.4(2016)","0.8(2016)","37.33550598(2016)","64.2036185754851(2017)","26.5511973052634(2018)","67.5916370820079(2018)","5.85716561272863(2018)","267663435(2018)","44.675(2018)","6.3(2019)","111.55321931(2016)","0.513585567474365(2018)","3840(2018)","95.65856(2018)","9.8(2018)","3.5836(2015)"
Most Recent Value,"(Most Recent Value)","Iran, Islamic Rep.","IRN","1.5(2014)","1.14(2015)","11(2016)","1(2016)","38.79371681(2016)","","24.4765586602319(2018)","69.3388675341431(2018)","6.18457380562499(2018)","81800269(2018)","25.102(2018)","9.6(2019)","415.39119979(2016)","3.76133732497692(2013)","5470(2017)","85.54425(2016)","","3.95536(2018)"
Most Recent Value,"(Most Recent Value)","Iraq","IRQ","1.4(2014)","0.8217(2017)","","0.4(2016)","78.48120423(2016)","94.5759477772468(2017)","38.3865654011074(2018)","58.2898349360976(2018)","3.32359966279505(2018)","38433600(2018)","29.527(2018)","8.8(2019)","152.64254835(2016)","0.425606220960617(2012)","5040(2018)","50.14052(2018)","18.9(2012)",""
Most Recent Value,"(Most Recent Value)","Ireland","IRL","2.8(2013)","3.0861(2017)","24.3(2016)","13(2016)","12.99058994(2016)","","21.4064195870662(2018)","64.7277787116415(2018)","13.8658017012923(2018)","4853506(2018)","36.83(2018)","3.2(2019)","4758.59431522(2016)","0.6890834774822(2010)","61390(2018)","","","3.69856(2016)"
Most Recent Value,"(Most Recent Value)","Isle of Man","IMN","","1.449(2010)","","","","","","","","84077(2018)","47.412(2018)","","","","75340(2017)","","",""
Most Recent Value,"(Most Recent Value)","Israel","ISR","3.1(2013)","3.2176(2016)","25.2(2016)","3.8(2016)","22.972216(2016)","","27.9252464589938(2018)","60.0977675160436(2018)","11.9769860249625(2018)","8883800(2018)","7.58199999999999(2018)","9.7(2019)","2837.13963899(2016)","0.946839991956949(2012)","40920(2018)","","","5.8493(2016)"
Most Recent Value,"(Most Recent Value)","Italy","ITA","3.4(2012)","4.0931(2017)","23.7(2016)","7.5(2016)","23.10570502(2016)","","13.3291160906398(2018)","63.9192043068525(2018)","22.7516796025077(2018)","60431283(2018)","29.562(2018)","5(2019)","2738.70612439(2016)","1.08317546546459(2010)","33730(2018)","99.15576(2018)","","3.82943(2016)"
Most Recent Value,"(Most Recent Value)","Jamaica","JAM","1.7(2013)","1.3199(2017)","16.8(2016)","4.2(2016)","22.39644718(2016)","66.4245165522861(2015)","23.7500966830639(2018)","67.4532607662342(2018)","8.79664255070196(2018)","2934855(2018)","44.326(2018)","11.3(2019)","296.24614827(2016)","","4970(2018)","88.1(2014)","19.9(2012)","5.40731(2018)"
Most Recent Value,"(Most Recent Value)","Japan","JPN","13.4(2012)","2.4118(2016)","22.1(2016)","8(2016)","13.45210907(2016)","","12.6968488090205(2018)","59.7267812806245(2018)","27.576369910355(2018)","126529100(2018)","8.384(2018)","5.6(2019)","4233.0332764(2016)","0.611118413507938(2015)","41310(2018)","","","3.59059(2014)"
Most Recent Value,"(Most Recent Value)","Jordan","JOR","1.4(2015)","2.3436(2017)","","0.7(2016)","27.98257749(2016)","","34.2454902091433(2018)","61.9080193928583(2018)","3.84649039799834(2018)","9956011(2018)","9.021(2018)","12.7(2019)","223.53819879(2016)","","4200(2018)","98.22711(2018)","14.4(2010)","3.59959(2017)"
Most Recent Value,"(Most Recent Value)","Kazakhstan","KAZ","6.7(2013)","3.2522(2014)","24(2016)","7.7(2016)","35.56086753(2016)","98.9993740478602(2017)","28.4605497778393(2018)","64.1476039511304(2018)","7.39184627103032(2018)","18276499(2018)","42.572(2018)","6.1(2019)","262.0090142(2016)","0.130062305834144(2015)","8070(2018)","99.78163(2010)","2.5(2017)","2.817(2017)"
Most Recent Value,"(Most Recent Value)","Kenya","KEN","1.4(2010)","0.1988(2014)","10.7(2016)","3.4(2016)","27.71331783(2016)","24.6510436992189(2017)","39.7821669340692(2018)","57.8786464540153(2018)","2.33918661191556(2018)","51393010(2018)","72.97(2018)","3.1(2019)","66.20980967(2016)","1.48078436031938(2015)","1620(2018)","81.53497(2018)","36.1(2015)","5.23898(2017)"
Most Recent Value,"(Most Recent Value)","Kiribati","KIR","1.9(2015)","0.2028(2013)","47(2016)","0.4(2016)","0.09287203(2016)","","35.5399794556613(2018)","60.5073933722928(2018)","3.95262717204589(2018)","115847(2018)","45.943(2018)","22.5(2019)","188.04908791(2016)","","3140(2018)","","",""
Most Recent Value,"(Most Recent Value)","Korea, Dem. People’s Rep.","PRK","13.2(2012)","3.6745(2017)","","3.9(2016)","","","20.2021135043815(2018)","70.4633660858305(2018)","9.33452040978796(2018)","25549819(2018)","38.101(2018)","6.4(2019)","","","","","",""
Most Recent Value,"(Most Recent Value)","Korea, Rep.","KOR","11.5(2015)","2.3661(2017)","23.3(2016)","10.2(2016)","33.31032766(2016)","","12.9733235784635(2018)","72.6081205891396(2018)","14.4185558323969(2018)","51635256(2018)","18.541(2018)","6.9(2019)","2043.86063994(2016)","3.852186(2015)","30600(2018)","","",""
Most Recent Value,"(Most Recent Value)","Kosovo","XKX","","","","","","","","","","1845300(2018)","","","","1.03475805372(2016)","4220(2018)","","17.6(2015)",""
Most Recent Value,"(Most Recent Value)","Kuwait","KWT","2(2014)","2.5789(2015)","22.5(2016)","0(2016)","16.11129307(2016)","","21.5388880509858(2018)","75.9106395650123(2018)","2.55047238400198(2018)","4137309(2018)","0(2018)","12.2(2019)","1068.32321339(2016)","","34290(2018)","96.05647(2018)","",""
Most Recent Value,"(Most Recent Value)","Kyrgyz Republic","KGZ","4.5(2013)","1.876(2014)","26.5(2016)","6.2(2016)","57.58837624(2016)","89.2204016807518(2017)","32.3504171141318(2018)","63.1548549102717(2018)","4.49472797559656(2018)","6315800(2018)","63.649(2018)","6.1(2019)","72.87788481(2016)","0.723512284457684(2016)","1220(2018)","99.586(2018)","22.4(2018)","6.13628(2017)"
Most Recent Value,"(Most Recent Value)","Lao PDR","LAO","1.5(2012)","0.4997(2014)","28.9(2016)","10.4(2016)","46.44212159(2016)","49.8391565449809(2017)","32.6039186819471(2018)","63.3209313536048(2018)","4.0751499644481(2018)","7061507(2018)","64.996(2018)","6.4(2019)","55.21359284(2016)","","2450(2018)","84.66104(2015)","23.4(2012)","2.93781(2014)"
Most Recent Value,"(Most Recent Value)","Latvia","LVA","5.8(2013)","3.1946(2016)","37(2016)","12.9(2016)","44.55706595(2016)","","15.9957769389964(2018)","63.9606027403227(2018)","20.0436203206809(2018)","1926542(2018)","31.858(2018)","5(2019)","874.20357724(2016)","","16510(2018)","99.8959(2011)","22.5(2014)","4.71957(2016)"
Most Recent Value,"(Most Recent Value)","Lebanon","LBN","2.9(2014)","2.271(2017)","33.8(2016)","1.5(2016)","32.13697136(2016)","","26.0958671652131(2018)","66.901764700394(2018)","7.00236813439294(2018)","6848925(2018)","11.407(2018)","11.2(2019)","662.12705762(2016)","","7920(2018)","95.06944(2018)","27.4(2012)","2.45537(2013)"
Most Recent Value,"(Most Recent Value)","Lesotho","LSO","","0.0676(2010)","26.7(2016)","5(2016)","18.88564153(2016)","2.11711141089109(2017)","32.7163515354347(2018)","62.3825609677432(2018)","4.90108749682213(2018)","2108132(2018)","71.847(2018)","4.5(2019)","85.51857328(2016)","1.35076409205794(2010)","1390(2018)","76.6352(2014)","49.7(2017)","6.51166(2018)"
Most Recent Value,"(Most Recent Value)","Liberia","LBR","0.8(2010)","0.0373(2015)","9.8(2016)","5.8(2016)","47.2615094(2016)","1.18848043978493(2017)","41.1249865894663(2018)","55.6215816108536(2018)","3.25343179968014(2018)","4818977(2018)","48.849(2018)","2.4(2019)","68.31283566(2016)","","610(2018)","48.30136(2017)","50.9(2016)","2.2791(2014)"
Most Recent Value,"(Most Recent Value)","Libya","LBY","3.7(2014)","2.1581(2017)","","0(2016)","36.66828417(2011)","","28.3192377277793(2018)","67.2887220132367(2018)","4.39204025898401(2018)","6678567(2018)","19.898(2018)","10.2(2019)","312.57731461(2011)","","6400(2018)","","",""
Most Recent Value,"(Most Recent Value)","Liechtenstein","LIE","","","","","","","","","","37910(2018)","85.662(2018)","9.4(2019)","","","","","","2.55604(2011)"
Most Recent Value,"(Most Recent Value)","Lithuania","LTU","7.3(2013)","4.337(2016)","28.8(2016)","15(2016)","32.33962157(2016)","","14.8824245055089(2018)","65.4125423380302(2018)","19.7050331564608(2018)","2789533(2018)","32.321(2018)","3.8(2019)","987.94931374(2016)","1.63685753941536(2010)","17430(2018)","99.8156(2011)","22.2(2014)","4.00847(2016)"
Most Recent Value,"(Most Recent Value)","Luxembourg","LUX","4.8(2015)","3.0266(2017)","23.5(2016)","13(2016)","11.23414986(2016)","","15.8788239869589(2018)","69.9380218288939(2018)","14.1831541841472(2018)","607728(2018)","9.01900000000001(2018)","5(2019)","6271.43758791(2016)","0.148169440217316(2010)","70870(2018)","","","3.95519(2015)"
Most Recent Value,"(Most Recent Value)","Macao SAR, China","MAC","","","","","","","13.654066582652(2018)","75.8617304903457(2018)","10.4842029270023(2018)","631636(2018)","0(2018)","4.3(2019)","","","79110(2018)","96.53849(2016)","","2.71071(2017)"
Most Recent Value,"(Most Recent Value)","Madagascar","MDG","0.2(2010)","0.1812(2014)","","1.9(2016)","22.35844296(2016)","50.5403509161808(2015)","40.6681505928286(2018)","56.3451322813798(2018)","2.98671712579162(2018)","26262368(2018)","62.809(2018)","4.5(2019)","24.11914971(2016)","0.214166566729546(2010)","510(2018)","74.80432(2018)","70.7(2012)","2.79384(2014)"
Most Recent Value,"(Most Recent Value)","Malawi","MWI","1.3(2011)","0.0157(2016)","14.5(2016)","3.7(2016)","11.38812086(2016)","8.703956048183(2017)","43.9022859066284(2018)","53.4522791630613(2018)","2.64543493031032(2018)","18143315(2018)","83.063(2018)","4.5(2019)","29.58739886(2016)","0.887854024767876(2016)","360(2018)","62.14354(2015)","51.5(2016)","4.03133(2017)"
Most Recent Value,"(Most Recent Value)","Malaysia","MYS","1.9(2015)","1.5132(2015)","21.5(2016)","0.9(2016)","37.59584563(2016)","","23.9951410860297(2018)","69.3331042884915(2018)","6.67175462547886(2018)","31528585(2018)","23.964(2018)","16.7(2019)","361.52197369(2016)","","10590(2018)","93.7347(2016)","0.4(2015)","4.74071(2017)"
Most Recent Value,"(Most Recent Value)","Maldives","MDV","","1.0379(2016)","28.3(2016)","2.7(2016)","19.10066521(2016)","95.8028629366759(2017)","20.1479166020291(2018)","76.1487387918464(2018)","3.70334460612454(2018)","515696(2018)","60.192(2018)","9.2(2019)","1047.8439321(2016)","","9280(2018)","97.73495(2016)","8.2(2016)","4.06728(2016)"
Most Recent Value,"(Most Recent Value)","Mali","MLI","0.1(2010)","0.1393(2016)","12.3(2016)","1.3(2016)","35.28017232(2016)","52.2320839184474(2017)","47.5434863934943(2018)","49.9492838489489(2018)","2.50722975755683(2018)","19077690(2018)","57.644(2018)","2.4(2019)","29.7866224(2016)","1.10799912363291(2016)","840(2018)","35.47377(2018)","","3.09604(2016)"
Most Recent Value,"(Most Recent Value)","Malta","MLT","4.7(2014)","3.826(2015)","25.5(2016)","8.1(2016)","34.77524736(2016)","","14.2769005208902(2018)","65.3737751793975(2018)","20.3493242997122(2018)","483530(2018)","5.38800000000001(2018)","8.3(2019)","2327.78190367(2016)","2.80555933713913(2010)","26480(2018)","94.50319(2018)","","5.27713(2015)"
Most Recent Value,"(Most Recent Value)","Marshall Islands","MHL","2.7(2010)","0.4554(2012)","","","9.00450963(2016)","82.5021672835689(2017)","","","","58413(2018)","22.969(2018)","30.5(2019)","851.3429126(2016)","","4860(2018)","98.26508(2011)","",""
Most Recent Value,"(Most Recent Value)","Mauritania","MRT","","0.179(2017)","","0(2016)","50.90309443(2016)","42.999048887847(2017)","40.0831828216618(2018)","56.7757050202881(2018)","3.14111215805009(2018)","4403319(2018)","46.328(2018)","7.1(2019)","46.77139384(2016)","2.94621009379625(2014)","1160(2018)","53.49759(2017)","31(2014)","2.63107(2016)"
Most Recent Value,"(Most Recent Value)","Mauritius","MUS","3.4(2011)","2.0246(2015)","21.6(2016)","3.6(2016)","48.1607769(2016)","","17.793692318012(2018)","70.7321346133359(2018)","11.4741730686522(2018)","1265303(2018)","59.207(2018)","22(2019)","553.09652768(2016)","1.78945982456207(2012)","12050(2018)","91.32539(2018)","10.3(2017)","4.83201(2018)"
Most Recent Value,"(Most Recent Value)","Mexico","MEX","1.5(2015)","2.2478(2016)","14(2016)","6.5(2016)","40.37819905(2016)","87.8466842172696(2017)","26.5568481908521(2018)","66.2194668282759(2018)","7.22368498087198(2018)","126190788(2018)","19.844(2018)","13.5(2019)","461.78664709(2016)","0.230628833174706(2016)","9180(2018)","95.37991(2018)","41.9(2018)","4.91005(2016)"
Most Recent Value,"(Most Recent Value)","Micronesia, Fed. Sts.","FSM","","0.177(2010)","","2.5(2016)","2.62905844(2016)","","31.7072088068182(2018)","64.2959872159091(2018)","3.99680397727273(2018)","112640(2018)","77.297(2018)","11.9(2019)","386.6940552(2016)","","3400(2018)","","41.2(2013)","12.4595(2015)"
Most Recent Value,"(Most Recent Value)","Moldova","MDA","5.8(2013)","3.2002(2015)","24.2(2016)","15.2(2016)","46.28999357(2016)","86.9794174842251(2016)","15.8600908600909(2018)","72.6703527985579(2018)","11.4695563413512(2018)","3545883(2018)","57.371(2018)","5.7(2019)","171.19013187(2016)","3.56346219778061(2016)","2980(2018)","99.35989(2014)","9.6(2015)","6.68377(2017)"
Most Recent Value,"(Most Recent Value)","Monaco","MCO","13.8(2012)","6.5617(2014)","","","7.0612099(2016)","","","","","38682(2018)","0(2018)","2.9(2019)","2939.84496393(2016)","","","","","1.46121(2017)"
Most Recent Value,"(Most Recent Value)","Mongolia","MNG","7(2012)","2.8866(2016)","25.6(2016)","7.4(2016)","35.87321474(2016)","71.1795489061304(2017)","30.4095683070176(2018)","65.50689290572(2018)","4.08353878726245(2018)","3170208(2018)","31.555(2018)","4.7(2019)","140.70820365(2016)","0.451661378145218(2014)","3660(2018)","98.42312(2018)","28.4(2018)","4.08578(2017)"
Most Recent Value,"(Most Recent Value)","Montenegro","MNE","4(2012)","2.3337(2015)","45.9(2016)","8(2016)","24.08430059(2016)","","18.2095191371898(2018)","66.8155442180663(2018)","14.9749366447439(2018)","622345(2018)","33.187(2018)","9(2019)","531.73230239(2016)","0.777861289680004(2015)","8430(2018)","98.84718(2018)","23.6(2016)",""
Most Recent Value,"(Most Recent Value)","Morocco","MAR","1.1(2014)","0.7273(2017)","23.4(2016)","0.6(2016)","48.61581172(2016)","","27.2063801328554(2018)","65.7807150460324(2018)","7.0129048211122(2018)","36029138(2018)","37.547(2018)","7(2019)","171.4501845(2016)","","3090(2018)","73.75001(2018)","4.8(2013)",""
Most Recent Value,"(Most Recent Value)","Mozambique","MOZ","0.7(2011)","0.0735(2017)","16.6(2016)","2.4(2016)","7.67252925(2016)","12.2269838037985(2015)","44.6708001531326(2018)","52.4384353894175(2018)","2.8907644574499(2018)","29495962(2018)","64.012(2018)","3.3(2019)","19.20749469(2016)","0.403063464909792(2014)","460(2018)","60.65543(2017)","46.1(2014)","6.48009(2013)"
Most Recent Value,"(Most Recent Value)","Myanmar","MMR","0.9(2012)","0.864(2017)","20.3(2016)","4.8(2016)","73.98307078(2016)","79.287085479675(2017)","26.3710482845116(2018)","67.8443097829163(2018)","5.78464193257209(2018)","53708395(2018)","69.421(2018)","3.9(2019)","62.10872783(2016)","2.78283143043518(2015)","1310(2018)","75.5512(2016)","24.8(2017)","2.16463(2017)"
Most Recent Value,"(Most Recent Value)","Namibia","NAM","","0.374(2010)","21.4(2016)","9.8(2016)","7.71841881(2016)","44.5999038527554(2017)","36.9102491891316(2018)","59.4537191301233(2018)","3.63603168074514(2018)","2448255(2018)","49.968(2018)","4.5(2019)","402.75701789(2016)","","5220(2018)","","17.4(2015)",""
Most Recent Value,"(Most Recent Value)","Nauru","NRU","5(2010)","1.2389(2015)","40(2016)","6(2016)","1.15371797(2016)","","","","","12704(2018)","0(2018)","12(2019)","1012.3496595(2016)","","12060(2018)","","",""
Most Recent Value,"(Most Recent Value)","Nepal","NPL","0.3(2012)","0.6507(2017)","22.8(2016)","2(2016)","55.44006757(2016)","47.7818400003274(2017)","30.4142653217498(2018)","63.8580639025582(2018)","5.72767077569198(2018)","28087871(2018)","80.26(2018)","7.2(2019)","45.45297766(2016)","2.41404914855957(2014)","970(2018)","67.90843(2018)","25.2(2010)","5.16365(2018)"
Most Recent Value,"(Most Recent Value)","Netherlands","NLD","","3.5067(2016)","25.8(2016)","8.7(2016)","11.451386(2016)","","16.1081587098378(2018)","64.6956486568235(2018)","19.1961926333387(2018)","17231017(2018)","8.51000000000001(2018)","5.4(2019)","4742.0302736(2016)","","51260(2018)","","","5.4796(2016)"
Most Recent Value,"(Most Recent Value)","New Caledonia","NCL","","","","","","","22.7409256659988(2018)","68.0849164086245(2018)","9.17415792537671(2018)","284060(2018)","29.317(2018)","21.8(2019)","","","","97.8(2014)","",""
Most Recent Value,"(Most Recent Value)","New Zealand","NZL","2.8(2013)","3.0252(2016)","16(2016)","10.7(2016)","13.57558267(2016)","","19.6534314569849(2018)","64.694144015841(2018)","15.6524245271741(2018)","4885500(2018)","13.462(2018)","6.2(2019)","3745.2164613(2016)","","40640(2018)","","","6.4278(2016)"
Most Recent Value,"(Most Recent Value)","Nicaragua","NIC","0.9(2014)","1.0056(2018)","","5.2(2016)","32.22301748(2016)","","30.2016811999565(2018)","64.5508213516632(2018)","5.24749744838026(2018)","6465513(2018)","41.478(2018)","11.4(2019)","188.158313(2016)","3.04154777526856(2014)","2030(2018)","82.61455(2015)","24.9(2016)","4.34879(2017)"
Most Recent Value,"(Most Recent Value)","Niger","NER","0.3(2015)","0.05(2014)","7.7(2016)","0.5(2016)","58.51040375(2016)","9.30583(2010)","49.9843246094453(2018)","47.4206675078562(2018)","2.59500788269853(2018)","22442948(2018)","83.575(2018)","2.4(2019)","22.68333964(2016)","1.86250545084476(2011)","390(2018)","30.56039(2012)","44.5(2014)","3.54273(2017)"
Most Recent Value,"(Most Recent Value)","Nigeria","NGA","","0.3827(2013)","5.8(2016)","13.4(2016)","75.20810178(2016)","41.9489153306759(2017)","43.8666399781742(2018)","53.3859830164984(2018)","2.74737700532743(2018)","195874740(2018)","49.656(2018)","3.1(2019)","79.33990545(2016)","4.05911132693291(2012)","1960(2018)","62.01601(2018)","",""
Most Recent Value,"(Most Recent Value)","North Macedonia","MKD","4.4(2013)","2.8736(2015)","","8.1(2016)","35.40909666(2016)","","16.5169996308133(2018)","69.8128189876219(2018)","13.6701813815648(2018)","2082958(2018)","42.037(2018)","9.3(2019)","327.84334608(2016)","","5450(2018)","97.8(2014)","21.9(2018)",""
Most Recent Value,"(Most Recent Value)","Northern Mariana Islands","MNP","","","","","","","","","","56882(2018)","8.38200000000001(2018)","","","","","","",""
Most Recent Value,"(Most Recent Value)","Norway","NOR","3.9(2013)","4.6336(2017)","20.2(2016)","7.5(2016)","14.51965733(2016)","","17.5490383783174(2018)","65.4017394653615(2018)","17.0492221563211(2018)","5314336(2018)","17.752(2018)","5.3(2019)","7477.89760673(2016)","","80610(2018)","","","7.9761(2016)"
Most Recent Value,"(Most Recent Value)","Oman","OMN","1.6(2014)","1.9697(2017)","11.1(2016)","0.8(2016)","5.91353351(2016)","","22.2465059852286(2018)","75.3607070585134(2018)","2.39278695625796(2018)","4829483(2018)","15.461(2018)","10.1(2019)","648.27724661(2016)","","15140(2018)","95.65153(2018)","","6.84919(2017)"
Most Recent Value,"(Most Recent Value)","Pakistan","PAK","0.6(2014)","0.9753(2015)","20.1(2016)","0.3(2016)","65.22793598(2016)","59.6069124587634(2017)","35.2698145995487(2018)","60.4174110891137(2018)","4.31277431133756(2018)","212215030(2018)","63.334(2018)","19.9(2019)","39.57887533(2016)","0.498413294553757(2015)","1590(2018)","59.13205(2017)","24.3(2015)","2.89952(2017)"
Most Recent Value,"(Most Recent Value)","Palau","PLW","4.8(2010)","1.1848(2014)","15.6(2016)","","14.45421982(2016)","","","","","17907(2018)","20.07(2018)","17.9(2019)","1674.08990885(2016)","","17280(2018)","96.59374(2015)","",""
Most Recent Value,"(Most Recent Value)","Panama","PAN","2.3(2013)","1.5699(2016)","6.1(2016)","7.9(2016)","27.42514528(2016)","","27.0623043241241(2018)","64.8329645962083(2018)","8.10473107966757(2018)","4176873(2018)","32.291(2018)","7.7(2019)","1040.67319231(2016)","","14370(2018)","95.41181(2018)","22.1(2016)","3.15901(2011)"
Most Recent Value,"(Most Recent Value)","Papua New Guinea","PNG","","0.0529(2010)","36.3(2016)","1.2(2016)","7.85301738(2016)","","35.8159344007888(2018)","60.738796347755(2018)","3.44526925145617(2018)","8606316(2018)","86.831(2018)","17.9(2019)","55.15180669(2016)","","2570(2018)","61.6(2010)","",""
Most Recent Value,"(Most Recent Value)","Paraguay","PRY","1.3(2011)","1.366(2018)","13.4(2016)","7.2(2016)","37.85777947(2016)","79.6015253008444(2017)","29.4405055961229(2018)","64.1292793944163(2018)","6.43021500946081(2018)","6956071(2018)","38.415(2018)","9.6(2019)","327.23510514(2016)","1.93376205861568(2014)","5670(2018)","94.0208(2018)","24.2(2018)","3.43834(2016)"
Most Recent Value,"(Most Recent Value)","Peru","PER","1.6(2014)","1.27(2016)","4.8(2016)","6.3(2016)","28.28794557(2016)","","25.7906028460802(2018)","66.121004362089(2018)","8.08839279183076(2018)","31989256(2018)","22.093(2018)","6.6(2019)","316.43713498(2016)","1.26741409301758(2018)","6470(2018)","94.40827(2018)","20.5(2018)","3.92396(2017)"
Most Recent Value,"(Most Recent Value)","Philippines","PHL","1(2011)","1.275(2010)","24.3(2016)","6.6(2016)","53.9422867(2016)","78.4629630309315(2017)","30.9630402017999(2018)","63.9143910299006(2018)","5.12256876829946(2018)","106651922(2018)","53.093(2018)","7.1(2019)","129.4326091(2016)","1.41477715224028(2015)","3830(2018)","98.18255(2015)","21.6(2015)",""
Most Recent Value,"(Most Recent Value)","Poland","POL","6.5(2013)","2.3998(2016)","28(2016)","11.6(2016)","22.94439071(2016)","","15.052276813695(2018)","67.4299064237598(2018)","17.5178167625452(2018)","37978548(2018)","39.942(2018)","6.1(2019)","809.01490244(2016)","1.31569402292371(2016)","14100(2018)","","15.4(2018)","4.63931(2016)"
Most Recent Value,"(Most Recent Value)","Portugal","PRT","3.4(2013)","3.3356(2016)","22.7(2016)","12.3(2016)","27.75165369(2016)","","13.4579078221324(2018)","64.5882346402803(2018)","21.9538575375873(2018)","10281762(2018)","34.789(2018)","9.8(2019)","1800.85991928(2016)","3.3110786229372(2010)","21990(2018)","96.13759(2018)","","4.88294(2015)"
Most Recent Value,"(Most Recent Value)","Puerto Rico","PRI","","","","","","","16.8360861114438(2018)","64.4890636781993(2018)","18.6748502103569(2018)","3195153(2018)","6.422(2018)","13.7(2019)","","","21100(2018)","92.39(2017)","","6.07266(2014)"
Most Recent Value,"(Most Recent Value)","Qatar","QAT","1.2(2014)","0.0008(2017)","20.6(2016)","2(2016)","8.55090946(2016)","","13.5407641851225(2018)","85.08916547614(2018)","1.3700703387375(2018)","2781677(2018)","0.864999999999995(2018)","15.6(2019)","1827.06034376(2016)","","61150(2018)","93.46397(2017)","","2.86383(2017)"
Most Recent Value,"(Most Recent Value)","Romania","ROU","6.3(2013)","2.2586(2016)","29.7(2016)","12.7(2016)","20.74990053(2016)","","15.5345549605626(2018)","66.1267436456077(2018)","18.3387013938296(2018)","19473936(2018)","46.002(2018)","6.9(2019)","476.36830872(2016)","2.19121426343918(2016)","11290(2018)","98.8445(2018)","23.6(2017)","3.10676(2015)"
Most Recent Value,"(Most Recent Value)","Russian Federation","RUS","8.2(2013)","4.0139(2016)","39.3(2016)","11.7(2016)","40.48464987(2016)","","17.9140805801319(2018)","67.4112110994962(2018)","14.6747083203719(2018)","144478050(2018)","25.567(2018)","6.1(2019)","469.13086784(2016)","0.595720252022147(2014)","10230(2018)","99.73006(2018)","12.9(2018)","3.74321(2016)"
Most Recent Value,"(Most Recent Value)","Rwanda","RWA","","0.1346(2017)","12.3(2016)","9(2016)","6.37545625(2016)","4.61727834496984(2017)","39.9755730179801(2018)","57.0862309044811(2018)","2.9381960775388(2018)","12301939(2018)","82.789(2018)","5.1(2019)","48.07821533(2016)","0.130721891764551(2016)","780(2018)","73.21559(2018)","38.2(2016)","3.11334(2018)"
Most Recent Value,"(Most Recent Value)","Samoa","WSM","","0.3409(2016)","27.7(2016)","2.5(2016)","11.88112415(2016)","","38.3206970922199(2018)","56.8788909340281(2018)","4.80041197375197(2018)","196130(2018)","81.757(2018)","9.2(2019)","227.14850878(2016)","","4020(2018)","99.09577(2018)","20.3(2013)","4.08047(2016)"
Most Recent Value,"(Most Recent Value)","San Marino","SMR","3.8(2012)","6.1468(2014)","","","18.79042832(2016)","","","","","33785(2018)","2.774(2018)","5.9(2019)","3012.79423602(2016)","","","99.91643(2018)","","3.04131(2017)"
Most Recent Value,"(Most Recent Value)","Sao Tome and Principe","STP","2.9(2011)","0.32(2015)","","6.8(2016)","14.40314743(2016)","41.3398746181137(2017)","42.5199499592471(2018)","54.5543719316868(2018)","2.9256781090661(2018)","211028(2018)","27.197(2018)","2.4(2019)","105.13438534(2016)","","1890(2018)","92.81664(2018)","66.2(2010)","4.85713(2017)"
Most Recent Value,"(Most Recent Value)","Saudi Arabia","SAU","2.7(2014)","2.39(2016)","15.6(2016)","0.2(2016)","14.3444269(2016)","","25.0428481279098(2018)","71.6430638491404(2018)","3.31408802294981(2018)","33699947(2018)","16.156(2018)","15.8(2019)","1147.3329702(2016)","","21600(2018)","95.32863(2017)","",""
Most Recent Value,"(Most Recent Value)","Senegal","SEN","","0.0692(2016)","8.2(2016)","0.7(2016)","51.7679385(2016)","24.1458760766427(2017)","43.0554303706314(2018)","53.8577459283503(2018)","3.08682370101833(2018)","15854360(2018)","52.808(2018)","2.4(2019)","52.60971245(2016)","0.19358053104952(2011)","1410(2018)","51.90042(2017)","46.7(2011)","4.81492(2017)"
Most Recent Value,"(Most Recent Value)","Serbia","SRB","5.7(2012)","3.125(2016)","38.9(2016)","11.1(2016)","40.50330103(2016)","97.7189336095414(2014)","15.6896807521828(2018)","65.964526556121(2018)","18.3457926916963(2018)","6982084(2018)","43.908(2018)","9(2019)","494.42058398(2016)","0.530415680259466(2015)","6390(2018)","98.2892(2018)","24.3(2017)","3.95618(2017)"
Most Recent Value,"(Most Recent Value)","Seychelles","SYC","3.6(2011)","0.9458(2016)","21.5(2016)","12(2016)","2.08418592(2016)","","23.6353711790393(2018)","68.7700832166104(2018)","7.59454560435034(2018)","96762(2018)","43.309(2018)","12.3(2019)","596.92307058(2016)","1.60337686538696(2013)","15600(2018)","95.86771(2018)","39.3(2013)","4.41832(2016)"
Most Recent Value,"(Most Recent Value)","Sierra Leone","SLE","","0.025(2011)","24.8(2016)","5.7(2016)","41.55205435(2016)","19.2751381624786(2017)","41.0596393534767(2018)","55.9738044352072(2018)","2.96655621131612(2018)","7650154(2018)","57.945(2018)","2.4(2019)","86.30818595(2016)","22.1598148345947(2011)","490(2018)","43.20633(2018)","52.9(2011)","4.63577(2017)"
Most Recent Value,"(Most Recent Value)","Singapore","SGP","2.4(2015)","2.3063(2016)","16.5(2016)","2(2016)","31.17329814(2016)","","12.2782826362627(2018)","76.2583371703582(2018)","11.4633801933791(2018)","5638676(2018)","0(2018)","5.5(2019)","2462.3936773(2016)","1.47486424446106(2012)","58770(2018)","97.34486(2018)","","2.89769(2013)"
Most Recent Value,"(Most Recent Value)","Sint Maarten (Dutch part)","SXM","","","","","","","","","","40654(2018)","0(2018)","6.8(2019)","","","","","",""
Most Recent Value,"(Most Recent Value)","Slovak Republic","SVK","5.8(2015)","2.4643(2016)","30.1(2016)","11.5(2016)","17.82929568(2016)","","15.4461367603311(2018)","68.9246167348919(2018)","15.629246504777(2018)","5447011(2018)","46.274(2018)","6.5(2019)","1178.73823051(2016)","0.4376329947263(2010)","18260(2018)","","12.6(2013)","3.90267(2016)"
Most Recent Value,"(Most Recent Value)","Slovenia","SVN","4.6(2013)","2.9953(2016)","22.5(2016)","12.6(2016)","12.00222396(2016)","","15.0217750478021(2018)","65.3713452980191(2018)","19.6068796541788(2018)","2067372(2018)","45.459(2018)","5.9(2019)","1834.16071169(2016)","0.259759998880327(2012)","24580(2018)","99.7(2014)","14.3(2014)","4.79565(2016)"
Most Recent Value,"(Most Recent Value)","Solomon Islands","SLB","1.4(2012)","0.1999(2016)","","1.4(2016)","4.60296469(2016)","35.8896731801542(2017)","40.2415842979397(2018)","56.1594652427714(2018)","3.59895045928894(2018)","652858(2018)","76.251(2018)","19(2019)","106.33939442(2016)","","2020(2018)","","12.7(2013)","9.86063(2010)"
Most Recent Value,"(Most Recent Value)","Somalia","SOM","0.9(2014)","0.0229(2014)","","0(2016)","","9.83124898319752(2017)","46.5765840679638(2018)","50.5501049890906(2018)","2.87331094294556(2018)","15008154(2018)","55.029(2018)","5.1(2019)","","","","","",""
Most Recent Value,"(Most Recent Value)","South Africa","ZAF","","0.9101(2017)","20.3(2016)","9.3(2016)","7.75091387(2016)","43.9925735928541(2017)","29.0794891477129(2018)","65.6025058468641(2018)","5.31800500542302(2018)","57779622(2018)","33.645(2018)","12.7(2019)","428.17601764(2016)","0.122727197594941(2010)","5750(2018)","87.04667(2017)","55.5(2014)","6.16137(2018)"
Most Recent Value,"(Most Recent Value)","South Sudan","SSD","","","","","","","41.8201214348455(2018)","54.7813956853029(2018)","3.39848287985152(2018)","10975920(2018)","80.385(2018)","10.2(2019)","","","1130(2015)","34.52276(2018)","82.3(2016)","0.98115(2017)"
Most Recent Value,"(Most Recent Value)","Spain","ESP","3(2013)","4.0691(2016)","29.3(2016)","10(2016)","23.82637129(2016)","","14.6670011075355(2018)","65.954491369965(2018)","19.3785075224995(2018)","46723749(2018)","19.679(2018)","6.9(2019)","2389.88740785(2016)","1.21353287249803(2010)","29340(2018)","98.4365(2018)","","4.20911(2016)"
Most Recent Value,"(Most Recent Value)","Sri Lanka","LKA","3.6(2012)","0.958(2017)","13(2016)","4.3(2016)","50.12159989(2016)","","24.1970010216799(2018)","65.3297792245361(2018)","10.4732197537841(2018)","21670000(2018)","81.524(2018)","10.7(2019)","153.09678414(2016)","0.896759688854218(2016)","4060(2018)","91.89575(2017)","4.1(2016)","2.80152(2017)"
Most Recent Value,"(Most Recent Value)","St. Kitts and Nevis","KNA","2.3(2012)","2.523(2015)","","9.4(2016)","51.50755535(2016)","","","","","52441(2018)","69.224(2018)","13.3(2019)","930.76518312(2016)","","18340(2018)","","","2.60631(2015)"
Most Recent Value,"(Most Recent Value)","St. Lucia","LCA","1.3(2013)","","","9.9(2016)","48.70086849(2016)","87.2019621286766(2016)","18.5288830000715(2018)","71.6645866435024(2018)","9.80653035642617(2018)","181889(2018)","81.322(2018)","11.6(2019)","489.76139493(2016)","","9560(2018)","","25(2016)","3.83341(2018)"
Most Recent Value,"(Most Recent Value)","St. Martin (French part)","MAF","","","","","","","","","","37264(2018)","","","","","","","",""
Most Recent Value,"(Most Recent Value)","St. Vincent and the Grenadines","VCT","2.6(2014)","0.6587(2010)","","8.2(2016)","20.50078196(2016)","","22.5413071290525(2018)","67.8689060075673(2018)","9.58978686338024(2018)","110210(2018)","47.802(2018)","11.6(2019)","250.2166125(2016)","","7340(2018)","","","5.78273(2017)"
Most Recent Value,"(Most Recent Value)","Sudan","SDN","0.8(2013)","0.41(2015)","","0.5(2016)","73.8938757(2016)","23.4373649642129(2017)","40.5087918665567(2018)","55.9100476051919(2018)","3.58116052825144(2018)","41801533(2018)","65.358(2018)","22.1(2019)","152.02214088(2016)","","1560(2018)","60.69718(2018)","",""
Most Recent Value,"(Most Recent Value)","Suriname","SUR","3.1(2010)","1.2265(2018)","25(2016)","5.1(2016)","21.82023742(2016)","67.7789706544644(2014)","27.170263372628(2018)","65.9233667251168(2018)","6.90636990225525(2018)","575991(2018)","33.94(2018)","12.5(2019)","356.05148319(2016)","1.35123324394226(2016)","5210(2018)","94.38327(2018)","",""
Most Recent Value,"(Most Recent Value)","Sweden","SWE","2.6(2013)","5.3996(2016)","18.8(2016)","9.2(2016)","15.24386699(2016)","","17.5817854599214(2018)","62.3226896122783(2018)","20.0955249278002(2018)","10183175(2018)","12.569(2018)","4.8(2019)","5710.59141927(2016)","","55490(2018)","","","7.66993(2016)"
Most Recent Value,"(Most Recent Value)","Switzerland","CHE","4.7(2013)","4.2363(2016)","25.7(2016)","11.5(2016)","29.56175891(2016)","","14.9109547691069(2018)","66.4658286661214(2018)","18.6232165647717(2018)","8516543(2018)","26.203(2018)","5.7(2019)","9835.96368572(2016)","","84410(2018)","","","5.11332(2016)"
Most Recent Value,"(Most Recent Value)","Syrian Arab Republic","SYR","1.5(2014)","1.22(2016)","","0.3(2016)","53.69127815(2012)","70.5980897208659(2017)","31.4215408068559(2018)","64.0753347716682(2018)","4.50312442147583(2018)","16906283(2018)","45.838(2018)","13.5(2019)","66.14174239(2012)","","","","",""
Most Recent Value,"(Most Recent Value)","Tajikistan","TJK","4.8(2013)","1.7003(2014)","","3.3(2016)","66.05616253(2016)","72.703504543367(2017)","36.7842840794279(2018)","60.1938283684959(2018)","3.02188755207627(2018)","9100837(2018)","72.866(2018)","6.1(2019)","55.69698772(2016)","","1010(2018)","99.8(2014)","27.4(2018)","5.23139(2015)"
Most Recent Value,"(Most Recent Value)","Tanzania","TZA","0.7(2010)","0.0399(2014)","14.8(2016)","9.4(2016)","21.89363217(2016)","47.9526927093602(2017)","44.0982381505459(2018)","53.3004626710946(2018)","2.60129917835952(2018)","56318348(2018)","66.224(2018)","5.7(2019)","35.49967383(2016)","1.22717516496777(2011)","1020(2018)","77.88723(2015)","26.4(2018)","3.38488(2014)"
Most Recent Value,"(Most Recent Value)","Thailand","THA","2.1(2010)","0.8096(2017)","19.9(2016)","8.3(2016)","12.11388242(2016)","83.9233581954672(2017)","17.0869888171064(2018)","71.0121180433042(2018)","11.9008931395893(2018)","69428524(2018)","50.051(2018)","7(2019)","221.91767602(2016)","0.410364925861359(2017)","6610(2018)","92.86831(2015)","9.9(2018)","4.12402(2013)"
Most Recent Value,"(Most Recent Value)","Timor-Leste","TLS","5.9(2010)","0.7197(2017)","42.6(2016)","2.1(2016)","8.87931948(2016)","28.1782288377724(2017)","37.7806642722958(2018)","57.9028434336982(2018)","4.31649229400603(2018)","1267972(2018)","69.422(2018)","6.7(2019)","79.89393546(2016)","0.501173257827759(2014)","1820(2018)","68.06683(2018)","41.8(2014)","3.84654(2017)"
Most Recent Value,"(Most Recent Value)","Togo","TGO","0.7(2011)","0.0487(2015)","7.4(2016)","3.1(2016)","50.41664978(2016)","10.4748055917358(2017)","41.334523499723(2018)","55.7960084891888(2018)","2.86946801108822(2018)","7889094(2018)","58.298(2018)","2.4(2019)","38.77137729(2016)","","660(2018)","63.74562(2015)","55.1(2015)","4.9847(2016)"
Most Recent Value,"(Most Recent Value)","Tonga","TON","2.6(2010)","0.5223(2013)","27.9(2016)","1.5(2016)","10.97578726(2016)","","35.4157582100255(2018)","58.6305803463279(2018)","5.95366144364662(2018)","103197(2018)","76.869(2018)","15.7(2019)","203.15022392(2016)","","4300(2018)","99.41437(2018)","",""
Most Recent Value,"(Most Recent Value)","Trinidad and Tobago","TTO","3(2014)","2.6697(2015)","","8.4(2016)","40.08087154(2016)","89.4432038359682(2015)","20.419572570427(2018)","68.8454739132406(2018)","10.7349535163324(2018)","1389858(2018)","46.816(2018)","11(2019)","1063.8270624(2016)","1.92928537726402(2014)","15950(2018)","98.7(2010)","",""
Most Recent Value,"(Most Recent Value)","Tunisia","TUN","2.3(2015)","1.2722(2016)","32.7(2016)","1.9(2016)","39.90196245(2016)","78.6868906487833(2017)","24.1701203463736(2018)","67.5142005746377(2018)","8.31567907898877(2018)","11565204(2018)","31.055(2018)","8.5(2019)","256.50184479(2016)","2.66474008560181(2015)","3500(2018)","79.03643(2014)","15.2(2015)","6.59921(2015)"
Most Recent Value,"(Most Recent Value)","Turkey","TUR","2.7(2013)","1.7605(2014)","27.2(2016)","2(2016)","16.46612089(2016)","","24.6494101390807(2018)","66.8673769209477(2018)","8.4832129399716(2018)","82319724(2018)","24.857(2018)","11.1(2019)","468.64728125(2016)","0.363605469465256(2016)","10420(2018)","96.15053(2017)","13.9(2017)",""
Most Recent Value,"(Most Recent Value)","Turkmenistan","TKM","7.4(2013)","2.2248(2014)","","5.4(2016)","76.19281773(2016)","100(2017)","30.8223639401863(2018)","64.7510015978736(2018)","4.42663446194014(2018)","5850908(2018)","48.407(2018)","6.1(2019)","422.84882869(2016)","","6740(2018)","99.7(2014)","","3.04925(2012)"
Most Recent Value,"(Most Recent Value)","Turks and Caicos Islands","TCA","","","","","","","","","","37665(2018)","6.902(2018)","","","","26740(2018)","","","2.75847(2018)"
Most Recent Value,"(Most Recent Value)","Tuvalu","TUV","","0.9174(2014)","","1.7(2016)","0.66553863(2016)","","","","","11508(2018)","37.613(2018)","22.1(2019)","507.3523714(2016)","","5430(2018)","","26.3(2010)",""
Most Recent Value,"(Most Recent Value)","Uganda","UGA","0.5(2010)","0.0908(2015)","10(2016)","9.5(2016)","40.31956712(2016)","21.2224894594787(2017)","46.9305251819863(2018)","51.1284878975505(2018)","1.94098692046317(2018)","42723139(2018)","76.226(2018)","2.5(2019)","37.60696696(2016)","3.7723857909441(2016)","620(2018)","76.5275(2018)","21.4(2016)","2.63501(2017)"
Most Recent Value,"(Most Recent Value)","Ukraine","UKR","8.8(2013)","3.0075(2014)","28.9(2016)","8.6(2016)","54.33840332(2016)","","15.8124131732483(2018)","67.7529003875501(2018)","16.4346864392016(2018)","44622516(2018)","30.648(2018)","6.1(2019)","141.19114781(2016)","0.846646632999182(2014)","2660(2018)","99.97435(2012)","1.3(2018)","5.414(2017)"
Most Recent Value,"(Most Recent Value)","United Arab Emirates","ARE","1.2(2013)","2.3944(2016)","28.9(2016)","3.8(2016)","18.56537376(2016)","","14.6035093701468(2018)","84.3114896450084(2018)","1.08500098484481(2018)","9630959(2018)","13.478(2018)","16.3(2019)","1323.11680312(2016)","","40880(2018)","","",""
Most Recent Value,"(Most Recent Value)","United Kingdom","GBR","2.8(2013)","2.8058(2017)","22.3(2016)","11.5(2016)","15.11796713(2016)","","17.6780820689573(2018)","63.926052256896(2018)","18.3958656741466(2018)","66488991(2018)","16.602(2018)","3.9(2019)","3958.01889383(2016)","0.48044491559267(2013)","41770(2018)","","","5.48697(2016)"
Most Recent Value,"(Most Recent Value)","United States","USA","2.9(2013)","2.5948(2016)","21.8(2016)","9.8(2016)","11.0866775(2016)","","18.7090399824651(2018)","65.4833059619314(2018)","15.8076540556035(2018)","327167434(2018)","17.744(2018)","10.8(2019)","9869.74238174(2016)","0.780771672725677(2013)","63080(2018)","","","4.96174(2014)"
Most Recent Value,"(Most Recent Value)","Uruguay","URY","2.8(2014)","5.0499(2017)","16.8(2016)","10.8(2016)","17.37109192(2016)","","20.6079810743386(2018)","64.5774993948021(2018)","14.8145195308593(2018)","3449299(2018)","4.666(2018)","7.3(2019)","1379.09855737(2016)","","15650(2018)","98.70386(2018)","8.1(2018)","4.86891(2017)"
Most Recent Value,"(Most Recent Value)","Uzbekistan","UZB","4(2013)","2.3685(2014)","12.6(2016)","2.7(2016)","52.24782443(2016)","","28.6860574147675(2018)","66.8948047070961(2018)","4.4191378781364(2018)","32955400(2018)","49.522(2018)","6.5(2019)","135.11115848(2016)","","2020(2018)","99.98657(2016)","14.1(2013)","6.28948(2017)"
Most Recent Value,"(Most Recent Value)","Vanuatu","VUT","","0.1706(2016)","18.6(2016)","1(2016)","8.41932455(2016)","25.2091496960843(2017)","38.8482301489682(2018)","57.5116167828345(2018)","3.64015306819735(2018)","292680(2018)","74.726(2018)","11.9(2019)","109.81414068(2016)","","3130(2018)","87.50631(2018)","12.7(2010)","4.69537(2017)"
Most Recent Value,"(Most Recent Value)","Venezuela, RB","VEN","0.8(2014)","","","5.6(2016)","39.95965063(2016)","","27.6666505810652(2018)","65.0663627988088(2018)","7.26698662012597(2018)","28870195(2018)","11.792(2018)","7(2019)","1578.44019243(2015)","","13080(2014)","97.12709(2016)","33.1(2015)",""
Most Recent Value,"(Most Recent Value)","Vietnam","VNM","2.6(2014)","0.8199(2016)","22.8(2016)","8.4(2016)","44.5728191(2016)","85.8465441491179(2017)","23.1726768317012(2018)","69.5523448704195(2018)","7.2749782978793(2018)","95540395(2018)","64.081(2018)","6(2019)","122.84117394(2016)","1.89719963818789(2016)","2360(2018)","95.00038(2018)","6.7(2018)","4.34481(2016)"
Most Recent Value,"(Most Recent Value)","Virgin Islands (U.S.)","VIR","","","","","","","19.7134123041651(2018)","60.998280473825(2018)","19.2883072220099(2018)","106977(2018)","4.279(2018)","12.3(2019)","","","","","",""
Most Recent Value,"(Most Recent Value)","West Bank and Gaza","PSE","","","","","","","38.9473612779327(2018)","57.9193329849872(2018)","3.13330573708009(2018)","4569087(2018)","23.836(2018)","9.5(2019)","","0.966022908687592(2016)","3710(2018)","97.21861(2018)","29.2(2016)","5.25234(2017)"
Most Recent Value,"(Most Recent Value)","Yemen, Rep.","YEM","0.7(2014)","0.3104(2014)","18.4(2016)","0.1(2016)","80.95723796(2015)","49.5423544284257(2017)","39.6148902740523(2018)","57.5088399699032(2018)","2.87626975604452(2018)","28498687(2018)","63.358(2018)","5.4(2019)","72.03946941(2015)","4.15904968976974(2014)","1460(2014)","","48.6(2014)",""
Most Recent Value,"(Most Recent Value)","Zambia","ZMB","2(2010)","0.0913(2016)","13.8(2016)","4.8(2016)","12.11791117(2016)","13.9380800136336(2017)","44.9361411568244(2018)","52.9641808172429(2018)","2.09967802593266(2018)","17351822(2018)","56.479(2018)","4.5(2019)","56.5441821(2016)","0.00912041869014502(2010)","1430(2018)","86.74796(2018)","54.4(2015)",""
Most Recent Value,"(Most Recent Value)","Zimbabwe","ZWE","1.7(2011)","0.0763(2014)","15.8(2016)","4.8(2016)","21.24270783(2016)","36.7912611732953(2017)","42.4010662380439(2018)","54.659410108955(2018)","2.93952365300113(2018)","14439018(2018)","67.791(2018)","1.8(2019)","93.94222513(2016)","","1790(2018)","88.69342(2014)","70(2017)","6.13835(2014)"
Most Recent Value,"(Most Recent Value)","Arab World","ARB","1.62452358185493(2014)","1.09730257439853(2015)","21.9558575283589(2016)","0.617288895830425(2016)","31.3138635156071(2016)","70.1717347207878(2017)","32.7804361810202(2018)","62.6616873953689(2018)","4.55787642361103(2018)","419790588(2018)","41.0745814068609(2018)","12.5359728836622(2019)","339.580122579259(2016)","","6367.23688163545(2018)","74.5966(2018)","",""
Most Recent Value,"(Most Recent Value)","Caribbean small states","CSS","2.26723392472779(2013)","1.56862756546055(2015)","","6.02722394448465(2016)","33.3885040161479(2016)","76.2009636283775(2015)","23.7129242507539(2018)","67.4904170002725(2018)","8.79665874897365(2018)","7358965(2018)","48.8006384223868(2018)","11.6291677143576(2019)","567.215387259962(2016)","","9240.08567263888(2018)","91.12809(2015)","",""
Most Recent Value,"(Most Recent Value)","Central Europe and the Baltics","CEB","6.42144666078239(2013)","2.88071606891767(2015)","30.3940435020874(2016)","12.1773029894738(2016)","22.9716833748035(2016)","","15.1356421360653(2018)","66.4042393677876(2018)","18.4601184961471(2018)","102511922(2018)","37.6679239372373(2018)","6.29606751951231(2019)","851.236089503038(2016)","","14563.8760810507(2018)","98.99005(2016)","",""
Most Recent Value,"(Most Recent Value)","Early-demographic dividend","EAR","1.22517407197752(2011)","0.940110841099725(2015)","17.0260539331026(2016)","4.07342428990028(2016)","37.1368286764335(2016)","59.4864040602994(2017)","28.8975707496211(2018)","65.2846235663376(2018)","5.8178056840413(2018)","3249140605(2018)","54.8687433013281(2018)","10.0911796578345(2019)","157.547650650788(2016)","","3567.86136140768(2018)","79.35073(2018)","",""
Most Recent Value,"(Most Recent Value)","East Asia & Pacific","EAS","4.44360048737964(2012)","1.57677255193971(2015)","26.2329350192921(2016)","6.55081860545038(2016)","25.6811679776847(2016)","","19.7675470402693(2018)","69.4880949556083(2018)","10.7443580041224(2018)","2328220870(2018)","40.9472113285627(2018)","8.20262598117286(2019)","638.573905648442(2016)","3.52765107154846(2015)","10982.3125162637(2018)","95.6076(2018)","",""
Most Recent Value,"(Most Recent Value)","East Asia & Pacific (excluding high income)","EAP","3.64740030992424(2012)","1.47614850035586(2015)","26.7134317654002(2016)","6.30947381148546(2016)","36.1687392648875(2016)","","20.4988123856016(2018)","70.0049497407552(2018)","9.49623787364322(2018)","2081651801(2018)","44.3664117617363(2018)","8.48791756998485(2019)","313.644245499255(2016)","","7600.54858640789(2018)","95.86556(2018)","",""
Most Recent Value,"(Most Recent Value)","East Asia & Pacific (IDA & IBRD countries)","TEA","3.5142490496806(2012)","1.44864298658614(2015)","26.7134317654002(2016)","6.33956350346432(2016)","36.16752936878(2016)","","20.5024995139321(2018)","69.9992529215217(2018)","9.49824756454622(2018)","2056064424(2018)","44.4449079814641(2018)","8.51396077418963(2019)","313.656137324467(2016)","","7680.52526736329(2018)","95.81489(2018)","",""
Most Recent Value,"(Most Recent Value)","Euro area","EMU","6.16749081248063(2013)","3.84775760417248(2015)","29.1331546377296(2016)","11.1676611653188(2016)","15.4442837771498(2016)","","15.0681169063958(2018)","64.3315954996938(2018)","20.6002875939103(2018)","341783171(2018)","23.0082672893716(2018)","6.7561965407452(2019)","3588.12025136626(2016)","","38774.4862123343(2018)","","",""
Most Recent Value,"(Most Recent Value)","Europe & Central Asia","ECS","5.92492146211432(2013)","3.37292525195215(2015)","29.2900593888585(2016)","9.8815638385573(2016)","17.7836403005829(2016)","","18.0150568463075(2018)","65.6360525492978(2018)","16.3488906043948(2018)","918793590(2018)","27.8164894989411(2018)","6.6845231200051(2019)","2092.60917875574(2016)","1.15114831924438(2015)","24328.6522444637(2018)","98.33417(2018)","",""
Most Recent Value,"(Most Recent Value)","Europe & Central Asia (excluding high income)","ECA","6.3536554875275(2013)","3.04527637050058(2015)","30.9814314470003(2016)","8.15566392881992(2016)","35.9450473546055(2016)","","21.0390865541104(2018)","66.9139360505531(2018)","12.0469773953365(2018)","417797257(2018)","33.0526194856177(2018)","7.21219810724786(2019)","371.159406634548(2016)","","7804.19489996088(2018)","99.0011(2018)","",""
Most Recent Value,"(Most Recent Value)","Europe & Central Asia (IDA & IBRD countries)","TEC","6.36194887522994(2013)","2.99048061330749(2015)","30.7749340764248(2016)","8.4706479844763(2016)","33.400656959502(2016)","","20.4843891459536(2018)","66.9400119353542(2018)","12.5755989186922(2018)","459865205(2018)","33.7131676874065(2018)","7.09695593547362(2019)","412.527432643055(2016)","","8379.28578681819(2018)","98.98185(2018)","",""
Most Recent Value,"(Most Recent Value)","European Union","EUU","5.60145698850332(2013)","3.57424950450375(2015)","28.2110076593151(2016)","11.3293370855943(2016)","15.6872376938761(2016)","","15.4757007918995(2018)","64.5897775244725(2018)","19.9345216836279(2018)","513213363(2018)","24.3343515342468(2018)","6.31674499829514(2019)","3211.39860368401(2016)","","35419.8157303311(2018)","","",""
Most Recent Value,"(Most Recent Value)","Fragile and conflict affected situations","FCS","","0.399737979808338(2015)","","2.52211369948457(2016)","57.3678146998178(2016)","37.5055982215253(2017)","40.2373876033717(2018)","56.311764385006(2018)","3.45084801162229(2018)","515215936(2018)","58.4931709377998(2018)","7.54500210399645(2019)","73.4421160598533(2016)","","1576.18211856424(2018)","63.75516(2018)","",""
Most Recent Value,"(Most Recent Value)","Heavily indebted poor countries (HIPC)","HPC","","0.157673894007864(2015)","","4.01592268393495(2016)","45.3198808354166(2016)","19.5349669672988(2017)","42.8560598715572(2018)","54.1155308905095(2018)","3.02840923793326(2018)","780234406(2018)","63.9915347372492(2018)","5.72934475755235(2019)","49.9846667234769(2016)","","925.845309739161(2018)","62.6266(2018)","",""
Most Recent Value,"(Most Recent Value)","High income","HIC","4.11059905053985(2013)","3.00354461372993(2015)","24.0998747800927(2016)","9.74489321665783(2016)","13.6774258305512(2016)","","16.5234666898609(2018)","65.5444893771665(2018)","17.9320439329727(2018)","1210312147(2018)","18.6650216352544(2018)","7.93688344280946(2019)","5179.67453221991(2016)","1.0858701467514(2015)","44275.2246624645(2018)","","",""
Most Recent Value,"(Most Recent Value)","Late-demographic dividend","LTE","4.2193819656913(2012)","1.94568942740016(2015)","24.7479947776751(2016)","7.45578715864414(2016)","35.7815643432904(2016)","","19.0157536118667(2018)","70.2609934017877(2018)","10.7232529863456(2018)","2288665963(2018)","37.5549009753745(2018)","8.82992722408015(2019)","469.911236716264(2016)","","9259.09260665759(2018)","96.1515(2018)","",""
Most Recent Value,"(Most Recent Value)","Latin America & Caribbean","LCN","2.17327725929248(2014)","2.16993112325967(2015)","14.3490746713373(2016)","6.9249733868032(2016)","36.6925861362699(2016)","","24.5536012826226(2018)","67.0080926456052(2018)","8.43830607177221(2018)","641357515(2018)","19.4167090136329(2018)","9.69487714094837(2019)","689.974694600166(2016)","2.48178505897522(2015)","8718.56479437343(2018)","93.86706(2018)","",""
Most Recent Value,"(Most Recent Value)","Latin America & Caribbean (excluding high income)","LAC","2.16290513214949(2014)","2.19020002816464(2015)","13.5775996351902(2016)","6.81413637840051(2016)","37.1376346862743(2016)","","24.7649039681473(2018)","66.9923932114571(2018)","8.24270282039559(2018)","609013934(2018)","19.5983744030001(2018)","9.72897505279405(2019)","665.342982517885(2016)","","8324.91032740868(2018)","93.31166(2018)","",""
Most Recent Value,"(Most Recent Value)","Latin America & the Caribbean (IDA & IBRD countries)","TLA","2.08967547696012(2014)","2.05174292804733(2015)","13.9098870308961(2016)","6.94227776525068(2016)","37.4318458552464(2016)","","24.7522577173464(2018)","66.9915330457314(2018)","8.25620923692216(2018)","625569713(2018)","19.3985876835712(2018)","9.67173030696758(2019)","683.547506510049(2016)","","8630.39332258484(2018)","93.75496(2018)","",""
Most Recent Value,"(Most Recent Value)","Least developed countries: UN classification","LDC","","0.258515594124712(2015)","15.8781784016115(2016)","3.03590895966198(2016)","51.9719815270134(2016)","28.2781448199254(2017)","39.4333624818523(2018)","57.0263884122303(2018)","3.5402491059174(2018)","1009662578(2018)","66.431939917901(2018)","6.44207725504198(2019)","43.9555331071706(2016)","","1079.75519870314(2018)","64.81693(2018)","",""
Most Recent Value,"(Most Recent Value)","Low & middle income","LMY","2.43200610494476(2011)","1.21785163056599(2015)","19.7557744090286(2016)","5.6535374718985(2016)","38.9148417646086(2016)","","27.5525934775662(2018)","65.2907552918608(2018)","7.15665123057303(2018)","6383958209(2018)","49.6721557601845(2018)","9.00182297370461(2019)","234.018536976963(2016)","","4843.8390807467(2018)","84.02266(2018)","",""
Most Recent Value,"(Most Recent Value)","Low income","LIC","","0.324906629199297(2015)","","3.58738847354537(2016)","41.0254471151822(2016)","23.2189156644508(2017)","41.889102108131(2018)","54.8197262388979(2018)","3.29117165297115(2018)","705417321(2018)","67.4277961100788(2018)","5.33978169676849(2019)","32.9047849960592(2016)","1.51550471782684(2015)","840.563512086065(2018)","63.18397(2018)","",""
Most Recent Value,"(Most Recent Value)","Lower middle income","LMC","0.986123631392897(2011)","0.74709085356065(2015)","17.3642495459391(2016)","4.7538450845481(2016)","56.1893115920292(2016)","57.3337094197714(2017)","30.1797351903036(2018)","64.290849336516(2018)","5.52941547318043(2018)","3022905169(2018)","59.4921102235817(2018)","9.5001841632112(2019)","79.4058110524874(2016)","3.26464319229126(2015)","2242.06143569053(2018)","77.24338(2018)","",""
Most Recent Value,"(Most Recent Value)","Middle East & North Africa","MEA","1.62848507118594(2014)","1.25940059965317(2015)","19.4754277781483(2016)","0.798023301980471(2016)","30.0788954121381(2016)","","29.8862621557125(2018)","64.9315764883162(2018)","5.18216135597133(2018)","448912859(2018)","34.6280256768853(2018)","11.3741770539703(2019)","437.955609851191(2016)","2.27951622009277(2015)","7693.2017302717(2018)","78.96279(2018)","",""
Most Recent Value,"(Most Recent Value)","Middle East & North Africa (excluding high income)","MNA","1.51669671692738(2014)","1.0694376664304(2015)","19.4372983119862(2016)","0.669370744751502(2016)","44.5522265673844(2016)","","31.1110443058753(2018)","63.5135193190367(2018)","5.37543637508798(2018)","382896715(2018)","38.4094524824717(2018)","10.7906391111906(2019)","245.034653542139(2016)","","3886.78011172482(2017)","75.9596(2018)","",""
Most Recent Value,"(Most Recent Value)","Middle East & North Africa (IDA & IBRD countries)","TMN","1.51669671692738(2014)","1.0694376664304(2015)","19.4372983119862(2016)","0.669370744751502(2016)","44.5522265673844(2016)","","31.0164046037891(2018)","63.5810806657711(2018)","5.40251473043988(2018)","378327628(2018)","38.5854570017155(2018)","10.8046281720058(2019)","245.034653542139(2016)","","3890.2420235283(2017)","75.72189(2018)","",""
Most Recent Value,"(Most Recent Value)","Middle income","MIC","2.40067312058978(2011)","1.32241987324859(2015)","20.2572952996569(2016)","5.84476116772183(2016)","38.8862672408426(2016)","","25.77099448535(2018)","66.5919908498999(2018)","7.63701466475014(2018)","5678540888(2018)","47.4657425301464(2018)","9.36480616609484(2019)","254.992834822211(2016)","","5342.86691119489(2018)","86.14847(2018)","",""
Most Recent Value,"(Most Recent Value)","North America","NAC","2.9(2013)","2.59634252096956(2015)","21.028524046012(2016)","9.7063915294426(2016)","11.2576181758408(2016)","","18.4202023019982(2018)","65.627220334532(2018)","15.9525773634698(2018)","364290258(2018)","17.8268451611462(2018)","10.4643542464959(2019)","9325.70589123756(2016)","0.728424727916718(2015)","61242.4381334363(2018)","","",""
Most Recent Value,"(Most Recent Value)","Not classified","INX","","","","","","","","","","","","","","","","","",""
Most Recent Value,"(Most Recent Value)","OECD members","OED","3.81428042462959(2013)","2.89193928589428(2015)","23.6460055237915(2016)","9.42619340231203(2016)","13.8687388767678(2016)","","17.8269264177606(2018)","65.0544551715178(2018)","17.1186184107216(2018)","1303529456(2018)","19.4066924289496(2018)","8.3528533171006(2019)","4667.56704972926(2016)","","40095.1568929524(2018)","","",""
Most Recent Value,"(Most Recent Value)","Other small states","OSS","","0.765803865988685(2015)","23.2120598887137(2016)","6.01374891992505(2016)","21.0195209272589(2016)","","29.9392347322767(2018)","64.5682994847169(2018)","5.49246578300642(2018)","30758989(2018)","37.8819618525498(2018)","8.24478357835328(2019)","611.763806158358(2016)","","13325.9240844934(2018)","84.52881(2018)","",""
Most Recent Value,"(Most Recent Value)","Pacific island small states","PSS","","0.478550725949962(2015)","27.3729764442634(2012)","2.11383589599809(2016)","11.8330837082845(2016)","","35.0365547703939(2018)","60.4261278529707(2018)","4.53731737663538(2018)","2457367(2018)","61.2186558820884(2018)","15.3261469361566(2019)","200.825754121745(2016)","","4150.69024591391(2018)","91.01657(2017)","",""
Most Recent Value,"(Most Recent Value)","Post-demographic dividend","PST","4.60721290884284(2013)","3.16217911564191(2015)","24.5131220224532(2016)","10.0413086862836(2016)","13.5368830235559(2016)","","16.0912386216832(2018)","64.9542444109945(2018)","18.9545169673224(2018)","1109997273(2018)","18.7193052155021(2018)","7.58198705816253(2019)","5352.17194084651(2016)","","44833.2671957852(2018)","","",""
Most Recent Value,"(Most Recent Value)","Pre-demographic dividend","PRE","","0.218402844870904(2015)","","5.99514925776025(2016)","58.2036714524087(2016)","29.8259634089456(2017)","43.7518511029062(2018)","53.4943352593295(2018)","2.75381363776434(2018)","919485393(2018)","58.7730484857523(2018)","5.37129031895693(2019)","61.1589161895823(2016)","","1373.10165210099(2018)","62.64361(2018)","",""
Most Recent Value,"(Most Recent Value)","Small states","SST","","0.898737175403803(2015)","22.3515073499803(2016)","5.80585261384673(2016)","23.1321461775864(2016)","","29.1198970830628(2018)","64.8505334681972(2018)","6.02956944874001(2018)","40575321(2018)","41.2755759294671(2018)","9.27167881556021(2019)","578.466182876036(2016)","","12027.251333496(2018)","86.20175(2018)","",""
Most Recent Value,"(Most Recent Value)","South Asia","SAS","0.674261834507074(2011)","0.768127522861804(2015)","13.6747455944686(2016)","4.46181759171354(2016)","64.4760498489452(2016)","56.7048523246738(2017)","28.4163476039442(2018)","65.7430919142796(2018)","5.84056048177619(2018)","1814388744(2018)","66.0076387543573(2018)","11.2379446987243(2019)","58.4973202782219(2016)","4.13626289367676(2015)","1923.24662337467(2018)","72.25239(2018)","",""
Most Recent Value,"(Most Recent Value)","South Asia (IDA & IBRD)","TSA","0.674261834507074(2011)","0.768127522861804(2015)","13.6747455944686(2016)","4.46181759171354(2016)","64.4760498489452(2016)","56.7048523246738(2017)","28.4163476039442(2018)","65.7430919142796(2018)","5.84056048177619(2018)","1814388744(2018)","66.0076387543573(2018)","11.2379446987243(2019)","58.4973202782219(2016)","","1923.24662337467(2018)","72.25239(2018)","",""
Most Recent Value,"(Most Recent Value)","Sub-Saharan Africa","SSF","","0.219645395939687(2015)","10.176913734358(2016)","6.26379592475504(2016)","36.7269983761682(2016)","25.4565701684791(2017)","42.5384123153354(2018)","54.4738820781197(2018)","2.98770560654484(2018)","1078306520(2018)","59.8231766270485(2018)","5.35949601586454(2019)","78.3742273218961(2016)","1.85604584217072(2015)","1517.0536862679(2018)","65.57706(2018)","",""
Most Recent Value,"(Most Recent Value)","Sub-Saharan Africa (excluding high income)","SSA","","0.219576267047523(2015)","10.1750394366725(2016)","6.26307398337997(2016)","36.7518033225755(2016)","25.4565701684791(2017)","42.5401087348427(2018)","54.4725990912016(2018)","2.98729217395572(2018)","1078209758(2018)","59.824658662197(2018)","5.35868553728478(2019)","78.3250053722542(2016)","","1515.78768884012(2018)","65.57343(2018)","",""
Most Recent Value,"(Most Recent Value)","Sub-Saharan Africa (IDA & IBRD countries)","TSS","","0.219645395939687(2015)","10.176913734358(2016)","6.26379592475504(2016)","36.7269983761682(2016)","25.4565701684791(2017)","42.5384123153354(2018)","54.4738820781197(2018)","2.98770560654484(2018)","1078306520(2018)","59.8231766270485(2018)","5.35949601586454(2019)","78.3742273218961(2016)","","1517.0536862679(2018)","65.57706(2018)","",""
Most Recent Value,"(Most Recent Value)","Upper middle income","UMC","3.84964733518275(2012)","1.97128906930559(2015)","23.2203798495616(2016)","6.91679398509816(2016)","35.49072655271(2016)","","20.7486467400202(2018)","69.2134044609211(2018)","10.0379487990588(2018)","2655635719(2018)","33.7666317019147(2018)","9.22747532326722(2019)","454.803062684803(2016)","3.5055947303772(2015)","8869.40587350731(2018)","95.18383(2018)","",""
Most Recent Value,"(Most Recent Value)","World","WLD","2.70476928109424(2011)","1.50212587214212(2015)","20.4857840022143(2016)","6.37966176957522(2016)","18.5574542307198(2016)","","25.7953762440249(2018)","65.3311815119975(2018)","8.87344224397751(2018)","7594270356(2018)","44.7294214513868(2018)","8.81238906158379(2019)","1026.24316341334(2016)","2.85339713096619(2015)","11123.7844959005(2018)","86.30101(2018)","",""
,"","","","","","","","","","","","","","","","","","","","",""
,"","","","","","","","","","","","","","","","","","","","",""
,"","","","","","","","","","","","","","","","","","","","",""
Data from database: Health Nutrition and Population Statistics,"","","","","","","","","","","","","","","","","","","","",""
Last Updated: 03/23/2020,"","","","","","","","","","","","","","","","","","","","",""
